<?xml version='1.0' encoding='UTF-8'?>
<questestinterop xmlns="http://www.imsglobal.org/xsd/ims_qtiasiv1p2" xmlns:xsi="http://www.w3.org/2001/XMLSchema-instance" xsi:schemaLocation="http://www.imsglobal.org/xsd/ims_qtiasiv1p2 http://www.imsglobal.org/xsd/ims_qtiasiv1p2p1.xsd">
  <assessment ident="g23a522584ee8fa63e6f8820ee6136d" title="Squid-made question pool">
    <qtimetadata>
      <qtimetadatafield>
        <fieldlabel>cc_maxattempts</fieldlabel>
        <fieldentry>1</fieldentry>
      </qtimetadatafield>
    </qtimetadata>
    <section ident="root_section">
      <item ident="gf934b6b9b18ff70edf14626d46eb99" title="Question 1">
        <itemmetadata>
          <qtimetadata>
            <qtimetadatafield>
              <fieldlabel>question_type</fieldlabel>
              <fieldentry>multiple_choice_question</fieldentry>
            </qtimetadatafield>
            <qtimetadatafield>
              <fieldlabel>points_possible</fieldlabel>
              <fieldentry>1</fieldentry>
            </qtimetadatafield>
            <qtimetadatafield>
              <fieldlabel>original_answer_ids</fieldlabel>
              <fieldentry>8687,9890,9513,2058,3295</fieldentry>
            </qtimetadatafield>
            <qtimetadatafield>
              <fieldlabel>assessment_question_identifierref</fieldlabel>
              <fieldentry>gmf74h5rn90mjjxc133qx0jqwosflpd</fieldentry>
            </qtimetadatafield>
          </qtimetadata>
        </itemmetadata>
        <presentation>
          <material>
            <mattext texttype="text/html">&lt;img src="$IMS-CC-FILEBASE$/Uploaded%20Media/ContourPlot(-1, -1)_(-1, -1).png" width="50%"&gt;&lt;br&gt;
            Classify the critical point at \(P = (-1, -1)\) of the function \(f(x,y)\) whose 
            contour plot is shown above.</mattext>
          </material>
          <response_lid ident="response1" rcardinality="Single">
            <render_choice>
              <response_label ident="9890">
                <material>
                  <mattext texttype="text/plain">Saddle point</mattext>
                </material>
              </response_label>
              <response_label ident="2058">
                <material>
                  <mattext texttype="text/plain">Inflection point</mattext>
                </material>
              </response_label>
              <response_label ident="9513">
                <material>
                  <mattext texttype="text/plain">Local minimum</mattext>
                </material>
              </response_label>
              <response_label ident="8687">
                <material>
                  <mattext texttype="text/plain">Local maximum</mattext>
                </material>
              </response_label>
              <response_label ident="3295">
                <material>
                  <mattext texttype="text/plain">None of the others</mattext>
                </material>
              </response_label>
              </render_choice>
          </response_lid>
        </presentation>
        <resprocessing>
          <outcomes>
            <decvar maxvalue="100" minvalue="0" varname="SCORE" vartype="Decimal" />
          </outcomes>
          <respcondition continue="No">
            <conditionvar>
              <varequal respident="response1">8687</varequal>
            </conditionvar>
            <setvar action="Set" varname="SCORE">100</setvar>
          </respcondition>
        </resprocessing>
      </item>
      <item ident="g42cc8fc99c32870caab4571cdcfe97" title="Question 2">
        <itemmetadata>
          <qtimetadata>
            <qtimetadatafield>
              <fieldlabel>question_type</fieldlabel>
              <fieldentry>multiple_choice_question</fieldentry>
            </qtimetadatafield>
            <qtimetadatafield>
              <fieldlabel>points_possible</fieldlabel>
              <fieldentry>1</fieldentry>
            </qtimetadatafield>
            <qtimetadatafield>
              <fieldlabel>original_answer_ids</fieldlabel>
              <fieldentry>8543,9927,2315,2881,4951</fieldentry>
            </qtimetadatafield>
            <qtimetadatafield>
              <fieldlabel>assessment_question_identifierref</fieldlabel>
              <fieldentry>gaa8y7m3du4y5ol7c5mjmh4rgk8vm83</fieldentry>
            </qtimetadatafield>
          </qtimetadata>
        </itemmetadata>
        <presentation>
          <material>
            <mattext texttype="text/html">&lt;img src="$IMS-CC-FILEBASE$/Uploaded%20Media/ContourPlot(-1, 1)_(-1, -1).png" width="50%"&gt;&lt;br&gt;
            Classify the critical point at \(P = (-1, -1)\) of the function \(f(x,y)\) whose 
            contour plot is shown above.</mattext>
          </material>
          <response_lid ident="response1" rcardinality="Single">
            <render_choice>
              <response_label ident="8543">
                <material>
                  <mattext texttype="text/plain">Saddle point</mattext>
                </material>
              </response_label>
              <response_label ident="2881">
                <material>
                  <mattext texttype="text/plain">Inflection point</mattext>
                </material>
              </response_label>
              <response_label ident="2315">
                <material>
                  <mattext texttype="text/plain">Local minimum</mattext>
                </material>
              </response_label>
              <response_label ident="9927">
                <material>
                  <mattext texttype="text/plain">Local maximum</mattext>
                </material>
              </response_label>
              <response_label ident="4951">
                <material>
                  <mattext texttype="text/plain">None of the others</mattext>
                </material>
              </response_label>
              </render_choice>
          </response_lid>
        </presentation>
        <resprocessing>
          <outcomes>
            <decvar maxvalue="100" minvalue="0" varname="SCORE" vartype="Decimal" />
          </outcomes>
          <respcondition continue="No">
            <conditionvar>
              <varequal respident="response1">8543</varequal>
            </conditionvar>
            <setvar action="Set" varname="SCORE">100</setvar>
          </respcondition>
        </resprocessing>
      </item>
      <item ident="g1a4526feda096cee6eaeb5e4c48c96" title="Question 3">
        <itemmetadata>
          <qtimetadata>
            <qtimetadatafield>
              <fieldlabel>question_type</fieldlabel>
              <fieldentry>multiple_choice_question</fieldentry>
            </qtimetadatafield>
            <qtimetadatafield>
              <fieldlabel>points_possible</fieldlabel>
              <fieldentry>1</fieldentry>
            </qtimetadatafield>
            <qtimetadatafield>
              <fieldlabel>original_answer_ids</fieldlabel>
              <fieldentry>7649,5992,8413,6624,7186</fieldentry>
            </qtimetadatafield>
            <qtimetadatafield>
              <fieldlabel>assessment_question_identifierref</fieldlabel>
              <fieldentry>gimu980zkrjufaho4pya95f0o1hmigo</fieldentry>
            </qtimetadatafield>
          </qtimetadata>
        </itemmetadata>
        <presentation>
          <material>
            <mattext texttype="text/html">&lt;img src="$IMS-CC-FILEBASE$/Uploaded%20Media/ContourPlot(1, -1)_(-1, -1).png" width="50%"&gt;&lt;br&gt;
            Classify the critical point at \(P = (-1, -1)\) of the function \(f(x,y)\) whose 
            contour plot is shown above.</mattext>
          </material>
          <response_lid ident="response1" rcardinality="Single">
            <render_choice>
              <response_label ident="5992">
                <material>
                  <mattext texttype="text/plain">Local maximum</mattext>
                </material>
              </response_label>
              <response_label ident="7649">
                <material>
                  <mattext texttype="text/plain">Saddle point</mattext>
                </material>
              </response_label>
              <response_label ident="8413">
                <material>
                  <mattext texttype="text/plain">Local minimum</mattext>
                </material>
              </response_label>
              <response_label ident="6624">
                <material>
                  <mattext texttype="text/plain">Inflection point</mattext>
                </material>
              </response_label>
              <response_label ident="7186">
                <material>
                  <mattext texttype="text/plain">None of the others</mattext>
                </material>
              </response_label>
              </render_choice>
          </response_lid>
        </presentation>
        <resprocessing>
          <outcomes>
            <decvar maxvalue="100" minvalue="0" varname="SCORE" vartype="Decimal" />
          </outcomes>
          <respcondition continue="No">
            <conditionvar>
              <varequal respident="response1">7649</varequal>
            </conditionvar>
            <setvar action="Set" varname="SCORE">100</setvar>
          </respcondition>
        </resprocessing>
      </item>
      <item ident="g53216cdab2e7b969657d628fec64da" title="Question 4">
        <itemmetadata>
          <qtimetadata>
            <qtimetadatafield>
              <fieldlabel>question_type</fieldlabel>
              <fieldentry>multiple_choice_question</fieldentry>
            </qtimetadatafield>
            <qtimetadatafield>
              <fieldlabel>points_possible</fieldlabel>
              <fieldentry>1</fieldentry>
            </qtimetadatafield>
            <qtimetadatafield>
              <fieldlabel>original_answer_ids</fieldlabel>
              <fieldentry>6785,7301,8284,2713,4138</fieldentry>
            </qtimetadatafield>
            <qtimetadatafield>
              <fieldlabel>assessment_question_identifierref</fieldlabel>
              <fieldentry>gl4b21lxf696e2nl7jh11xhfe1lw2rr</fieldentry>
            </qtimetadatafield>
          </qtimetadata>
        </itemmetadata>
        <presentation>
          <material>
            <mattext texttype="text/html">&lt;img src="$IMS-CC-FILEBASE$/Uploaded%20Media/ContourPlot(1, 1)_(-1, -1).png" width="50%"&gt;&lt;br&gt;
            Classify the critical point at \(P = (-1, -1)\) of the function \(f(x,y)\) whose 
            contour plot is shown above.</mattext>
          </material>
          <response_lid ident="response1" rcardinality="Single">
            <render_choice>
              <response_label ident="7301">
                <material>
                  <mattext texttype="text/plain">Saddle point</mattext>
                </material>
              </response_label>
              <response_label ident="6785">
                <material>
                  <mattext texttype="text/plain">Local minimum</mattext>
                </material>
              </response_label>
              <response_label ident="8284">
                <material>
                  <mattext texttype="text/plain">Local maximum</mattext>
                </material>
              </response_label>
              <response_label ident="2713">
                <material>
                  <mattext texttype="text/plain">Inflection point</mattext>
                </material>
              </response_label>
              <response_label ident="4138">
                <material>
                  <mattext texttype="text/plain">None of the others</mattext>
                </material>
              </response_label>
              </render_choice>
          </response_lid>
        </presentation>
        <resprocessing>
          <outcomes>
            <decvar maxvalue="100" minvalue="0" varname="SCORE" vartype="Decimal" />
          </outcomes>
          <respcondition continue="No">
            <conditionvar>
              <varequal respident="response1">6785</varequal>
            </conditionvar>
            <setvar action="Set" varname="SCORE">100</setvar>
          </respcondition>
        </resprocessing>
      </item>
      <item ident="gd68c0727f9834e3e018818c56cf473" title="Question 5">
        <itemmetadata>
          <qtimetadata>
            <qtimetadatafield>
              <fieldlabel>question_type</fieldlabel>
              <fieldentry>multiple_choice_question</fieldentry>
            </qtimetadatafield>
            <qtimetadatafield>
              <fieldlabel>points_possible</fieldlabel>
              <fieldentry>1</fieldentry>
            </qtimetadatafield>
            <qtimetadatafield>
              <fieldlabel>original_answer_ids</fieldlabel>
              <fieldentry>5708,2515,1483,3493,1712</fieldentry>
            </qtimetadatafield>
            <qtimetadatafield>
              <fieldlabel>assessment_question_identifierref</fieldlabel>
              <fieldentry>guop2auckt8v3circtp1covmjxhfqvi</fieldentry>
            </qtimetadatafield>
          </qtimetadata>
        </itemmetadata>
        <presentation>
          <material>
            <mattext texttype="text/html">&lt;img src="$IMS-CC-FILEBASE$/Uploaded%20Media/ContourPlot(-1, -1)_(-1, 2).png" width="50%"&gt;&lt;br&gt;
            Classify the critical point at \(P = (-1, 2)\) of the function \(f(x,y)\) whose 
            contour plot is shown above.</mattext>
          </material>
          <response_lid ident="response1" rcardinality="Single">
            <render_choice>
              <response_label ident="5708">
                <material>
                  <mattext texttype="text/plain">Local maximum</mattext>
                </material>
              </response_label>
              <response_label ident="2515">
                <material>
                  <mattext texttype="text/plain">Saddle point</mattext>
                </material>
              </response_label>
              <response_label ident="1483">
                <material>
                  <mattext texttype="text/plain">Local minimum</mattext>
                </material>
              </response_label>
              <response_label ident="3493">
                <material>
                  <mattext texttype="text/plain">Inflection point</mattext>
                </material>
              </response_label>
              <response_label ident="1712">
                <material>
                  <mattext texttype="text/plain">None of the others</mattext>
                </material>
              </response_label>
              </render_choice>
          </response_lid>
        </presentation>
        <resprocessing>
          <outcomes>
            <decvar maxvalue="100" minvalue="0" varname="SCORE" vartype="Decimal" />
          </outcomes>
          <respcondition continue="No">
            <conditionvar>
              <varequal respident="response1">5708</varequal>
            </conditionvar>
            <setvar action="Set" varname="SCORE">100</setvar>
          </respcondition>
        </resprocessing>
      </item>
      <item ident="g4733cd27248d75ce1c82d6ef7522e7" title="Question 6">
        <itemmetadata>
          <qtimetadata>
            <qtimetadatafield>
              <fieldlabel>question_type</fieldlabel>
              <fieldentry>multiple_choice_question</fieldentry>
            </qtimetadatafield>
            <qtimetadatafield>
              <fieldlabel>points_possible</fieldlabel>
              <fieldentry>1</fieldentry>
            </qtimetadatafield>
            <qtimetadatafield>
              <fieldlabel>original_answer_ids</fieldlabel>
              <fieldentry>5983,7634,1361,7119,1797</fieldentry>
            </qtimetadatafield>
            <qtimetadatafield>
              <fieldlabel>assessment_question_identifierref</fieldlabel>
              <fieldentry>gbzf2g0pik4f0igpswpwtbvv1zk6zlo</fieldentry>
            </qtimetadatafield>
          </qtimetadata>
        </itemmetadata>
        <presentation>
          <material>
            <mattext texttype="text/html">&lt;img src="$IMS-CC-FILEBASE$/Uploaded%20Media/ContourPlot(-1, 1)_(-1, 2).png" width="50%"&gt;&lt;br&gt;
            Classify the critical point at \(P = (-1, 2)\) of the function \(f(x,y)\) whose 
            contour plot is shown above.</mattext>
          </material>
          <response_lid ident="response1" rcardinality="Single">
            <render_choice>
              <response_label ident="7119">
                <material>
                  <mattext texttype="text/plain">Inflection point</mattext>
                </material>
              </response_label>
              <response_label ident="7634">
                <material>
                  <mattext texttype="text/plain">Local maximum</mattext>
                </material>
              </response_label>
              <response_label ident="1361">
                <material>
                  <mattext texttype="text/plain">Local minimum</mattext>
                </material>
              </response_label>
              <response_label ident="5983">
                <material>
                  <mattext texttype="text/plain">Saddle point</mattext>
                </material>
              </response_label>
              <response_label ident="1797">
                <material>
                  <mattext texttype="text/plain">None of the others</mattext>
                </material>
              </response_label>
              </render_choice>
          </response_lid>
        </presentation>
        <resprocessing>
          <outcomes>
            <decvar maxvalue="100" minvalue="0" varname="SCORE" vartype="Decimal" />
          </outcomes>
          <respcondition continue="No">
            <conditionvar>
              <varequal respident="response1">5983</varequal>
            </conditionvar>
            <setvar action="Set" varname="SCORE">100</setvar>
          </respcondition>
        </resprocessing>
      </item>
      <item ident="g413ed342b9c5d42e3a8905e4f648fb" title="Question 7">
        <itemmetadata>
          <qtimetadata>
            <qtimetadatafield>
              <fieldlabel>question_type</fieldlabel>
              <fieldentry>multiple_choice_question</fieldentry>
            </qtimetadatafield>
            <qtimetadatafield>
              <fieldlabel>points_possible</fieldlabel>
              <fieldentry>1</fieldentry>
            </qtimetadatafield>
            <qtimetadatafield>
              <fieldlabel>original_answer_ids</fieldlabel>
              <fieldentry>7183,8808,6206,2659,5329</fieldentry>
            </qtimetadatafield>
            <qtimetadatafield>
              <fieldlabel>assessment_question_identifierref</fieldlabel>
              <fieldentry>g1n1cmhu90rrbdvz8i65q79kgostdoa</fieldentry>
            </qtimetadatafield>
          </qtimetadata>
        </itemmetadata>
        <presentation>
          <material>
            <mattext texttype="text/html">&lt;img src="$IMS-CC-FILEBASE$/Uploaded%20Media/ContourPlot(1, -1)_(-1, 2).png" width="50%"&gt;&lt;br&gt;
            Classify the critical point at \(P = (-1, 2)\) of the function \(f(x,y)\) whose 
            contour plot is shown above.</mattext>
          </material>
          <response_lid ident="response1" rcardinality="Single">
            <render_choice>
              <response_label ident="6206">
                <material>
                  <mattext texttype="text/plain">Local minimum</mattext>
                </material>
              </response_label>
              <response_label ident="8808">
                <material>
                  <mattext texttype="text/plain">Local maximum</mattext>
                </material>
              </response_label>
              <response_label ident="2659">
                <material>
                  <mattext texttype="text/plain">Inflection point</mattext>
                </material>
              </response_label>
              <response_label ident="7183">
                <material>
                  <mattext texttype="text/plain">Saddle point</mattext>
                </material>
              </response_label>
              <response_label ident="5329">
                <material>
                  <mattext texttype="text/plain">None of the others</mattext>
                </material>
              </response_label>
              </render_choice>
          </response_lid>
        </presentation>
        <resprocessing>
          <outcomes>
            <decvar maxvalue="100" minvalue="0" varname="SCORE" vartype="Decimal" />
          </outcomes>
          <respcondition continue="No">
            <conditionvar>
              <varequal respident="response1">7183</varequal>
            </conditionvar>
            <setvar action="Set" varname="SCORE">100</setvar>
          </respcondition>
        </resprocessing>
      </item>
      <item ident="g60b081542cbb5c682f5266c4a1f9fa" title="Question 8">
        <itemmetadata>
          <qtimetadata>
            <qtimetadatafield>
              <fieldlabel>question_type</fieldlabel>
              <fieldentry>multiple_choice_question</fieldentry>
            </qtimetadatafield>
            <qtimetadatafield>
              <fieldlabel>points_possible</fieldlabel>
              <fieldentry>1</fieldentry>
            </qtimetadatafield>
            <qtimetadatafield>
              <fieldlabel>original_answer_ids</fieldlabel>
              <fieldentry>4181,7756,1208,2963,5861</fieldentry>
            </qtimetadatafield>
            <qtimetadatafield>
              <fieldlabel>assessment_question_identifierref</fieldlabel>
              <fieldentry>g8ic56johjwtm4aogzvgrtejw193st7</fieldentry>
            </qtimetadatafield>
          </qtimetadata>
        </itemmetadata>
        <presentation>
          <material>
            <mattext texttype="text/html">&lt;img src="$IMS-CC-FILEBASE$/Uploaded%20Media/ContourPlot(1, 1)_(-1, 2).png" width="50%"&gt;&lt;br&gt;
            Classify the critical point at \(P = (-1, 2)\) of the function \(f(x,y)\) whose 
            contour plot is shown above.</mattext>
          </material>
          <response_lid ident="response1" rcardinality="Single">
            <render_choice>
              <response_label ident="2963">
                <material>
                  <mattext texttype="text/plain">Inflection point</mattext>
                </material>
              </response_label>
              <response_label ident="7756">
                <material>
                  <mattext texttype="text/plain">Saddle point</mattext>
                </material>
              </response_label>
              <response_label ident="4181">
                <material>
                  <mattext texttype="text/plain">Local minimum</mattext>
                </material>
              </response_label>
              <response_label ident="1208">
                <material>
                  <mattext texttype="text/plain">Local maximum</mattext>
                </material>
              </response_label>
              <response_label ident="5861">
                <material>
                  <mattext texttype="text/plain">None of the others</mattext>
                </material>
              </response_label>
              </render_choice>
          </response_lid>
        </presentation>
        <resprocessing>
          <outcomes>
            <decvar maxvalue="100" minvalue="0" varname="SCORE" vartype="Decimal" />
          </outcomes>
          <respcondition continue="No">
            <conditionvar>
              <varequal respident="response1">4181</varequal>
            </conditionvar>
            <setvar action="Set" varname="SCORE">100</setvar>
          </respcondition>
        </resprocessing>
      </item>
      <item ident="g02aeb313dd5215eb25156303e99606" title="Question 9">
        <itemmetadata>
          <qtimetadata>
            <qtimetadatafield>
              <fieldlabel>question_type</fieldlabel>
              <fieldentry>multiple_choice_question</fieldentry>
            </qtimetadatafield>
            <qtimetadatafield>
              <fieldlabel>points_possible</fieldlabel>
              <fieldentry>1</fieldentry>
            </qtimetadatafield>
            <qtimetadatafield>
              <fieldlabel>original_answer_ids</fieldlabel>
              <fieldentry>2464,5642,4085,7582,9424</fieldentry>
            </qtimetadatafield>
            <qtimetadatafield>
              <fieldlabel>assessment_question_identifierref</fieldlabel>
              <fieldentry>gn8s89nm4zaimtv7x60fd96sk8ktx5h</fieldentry>
            </qtimetadatafield>
          </qtimetadata>
        </itemmetadata>
        <presentation>
          <material>
            <mattext texttype="text/html">&lt;img src="$IMS-CC-FILEBASE$/Uploaded%20Media/ContourPlot(-1, -1)_(2, -1).png" width="50%"&gt;&lt;br&gt;
            Classify the critical point at \(P = (2, -1)\) of the function \(f(x,y)\) whose 
            contour plot is shown above.</mattext>
          </material>
          <response_lid ident="response1" rcardinality="Single">
            <render_choice>
              <response_label ident="5642">
                <material>
                  <mattext texttype="text/plain">Saddle point</mattext>
                </material>
              </response_label>
              <response_label ident="2464">
                <material>
                  <mattext texttype="text/plain">Local maximum</mattext>
                </material>
              </response_label>
              <response_label ident="7582">
                <material>
                  <mattext texttype="text/plain">Inflection point</mattext>
                </material>
              </response_label>
              <response_label ident="4085">
                <material>
                  <mattext texttype="text/plain">Local minimum</mattext>
                </material>
              </response_label>
              <response_label ident="9424">
                <material>
                  <mattext texttype="text/plain">None of the others</mattext>
                </material>
              </response_label>
              </render_choice>
          </response_lid>
        </presentation>
        <resprocessing>
          <outcomes>
            <decvar maxvalue="100" minvalue="0" varname="SCORE" vartype="Decimal" />
          </outcomes>
          <respcondition continue="No">
            <conditionvar>
              <varequal respident="response1">2464</varequal>
            </conditionvar>
            <setvar action="Set" varname="SCORE">100</setvar>
          </respcondition>
        </resprocessing>
      </item>
      <item ident="gb575b457f2c2710d759fa20d57726c" title="Question 10">
        <itemmetadata>
          <qtimetadata>
            <qtimetadatafield>
              <fieldlabel>question_type</fieldlabel>
              <fieldentry>multiple_choice_question</fieldentry>
            </qtimetadatafield>
            <qtimetadatafield>
              <fieldlabel>points_possible</fieldlabel>
              <fieldentry>1</fieldentry>
            </qtimetadatafield>
            <qtimetadatafield>
              <fieldlabel>original_answer_ids</fieldlabel>
              <fieldentry>3010,9436,5823,8731,5243</fieldentry>
            </qtimetadatafield>
            <qtimetadatafield>
              <fieldlabel>assessment_question_identifierref</fieldlabel>
              <fieldentry>g6m7kn0iovjpwtjk4tabvyy2cywrdne</fieldentry>
            </qtimetadatafield>
          </qtimetadata>
        </itemmetadata>
        <presentation>
          <material>
            <mattext texttype="text/html">&lt;img src="$IMS-CC-FILEBASE$/Uploaded%20Media/ContourPlot(-1, 1)_(2, -1).png" width="50%"&gt;&lt;br&gt;
            Classify the critical point at \(P = (2, -1)\) of the function \(f(x,y)\) whose 
            contour plot is shown above.</mattext>
          </material>
          <response_lid ident="response1" rcardinality="Single">
            <render_choice>
              <response_label ident="8731">
                <material>
                  <mattext texttype="text/plain">Inflection point</mattext>
                </material>
              </response_label>
              <response_label ident="3010">
                <material>
                  <mattext texttype="text/plain">Saddle point</mattext>
                </material>
              </response_label>
              <response_label ident="5823">
                <material>
                  <mattext texttype="text/plain">Local minimum</mattext>
                </material>
              </response_label>
              <response_label ident="9436">
                <material>
                  <mattext texttype="text/plain">Local maximum</mattext>
                </material>
              </response_label>
              <response_label ident="5243">
                <material>
                  <mattext texttype="text/plain">None of the others</mattext>
                </material>
              </response_label>
              </render_choice>
          </response_lid>
        </presentation>
        <resprocessing>
          <outcomes>
            <decvar maxvalue="100" minvalue="0" varname="SCORE" vartype="Decimal" />
          </outcomes>
          <respcondition continue="No">
            <conditionvar>
              <varequal respident="response1">3010</varequal>
            </conditionvar>
            <setvar action="Set" varname="SCORE">100</setvar>
          </respcondition>
        </resprocessing>
      </item>
      <item ident="g78ef047451e7d12c7d9933ff471106" title="Question 11">
        <itemmetadata>
          <qtimetadata>
            <qtimetadatafield>
              <fieldlabel>question_type</fieldlabel>
              <fieldentry>multiple_choice_question</fieldentry>
            </qtimetadatafield>
            <qtimetadatafield>
              <fieldlabel>points_possible</fieldlabel>
              <fieldentry>1</fieldentry>
            </qtimetadatafield>
            <qtimetadatafield>
              <fieldlabel>original_answer_ids</fieldlabel>
              <fieldentry>1400,4027,8620,8208,6248</fieldentry>
            </qtimetadatafield>
            <qtimetadatafield>
              <fieldlabel>assessment_question_identifierref</fieldlabel>
              <fieldentry>gff4djk43lni9s7pu2ogel85l9x3jsp</fieldentry>
            </qtimetadatafield>
          </qtimetadata>
        </itemmetadata>
        <presentation>
          <material>
            <mattext texttype="text/html">&lt;img src="$IMS-CC-FILEBASE$/Uploaded%20Media/ContourPlot(1, -1)_(2, -1).png" width="50%"&gt;&lt;br&gt;
            Classify the critical point at \(P = (2, -1)\) of the function \(f(x,y)\) whose 
            contour plot is shown above.</mattext>
          </material>
          <response_lid ident="response1" rcardinality="Single">
            <render_choice>
              <response_label ident="1400">
                <material>
                  <mattext texttype="text/plain">Saddle point</mattext>
                </material>
              </response_label>
              <response_label ident="4027">
                <material>
                  <mattext texttype="text/plain">Local maximum</mattext>
                </material>
              </response_label>
              <response_label ident="8620">
                <material>
                  <mattext texttype="text/plain">Local minimum</mattext>
                </material>
              </response_label>
              <response_label ident="8208">
                <material>
                  <mattext texttype="text/plain">Inflection point</mattext>
                </material>
              </response_label>
              <response_label ident="6248">
                <material>
                  <mattext texttype="text/plain">None of the others</mattext>
                </material>
              </response_label>
              </render_choice>
          </response_lid>
        </presentation>
        <resprocessing>
          <outcomes>
            <decvar maxvalue="100" minvalue="0" varname="SCORE" vartype="Decimal" />
          </outcomes>
          <respcondition continue="No">
            <conditionvar>
              <varequal respident="response1">1400</varequal>
            </conditionvar>
            <setvar action="Set" varname="SCORE">100</setvar>
          </respcondition>
        </resprocessing>
      </item>
      <item ident="g486bb087d3a444b26224d22f4a85dd" title="Question 12">
        <itemmetadata>
          <qtimetadata>
            <qtimetadatafield>
              <fieldlabel>question_type</fieldlabel>
              <fieldentry>multiple_choice_question</fieldentry>
            </qtimetadatafield>
            <qtimetadatafield>
              <fieldlabel>points_possible</fieldlabel>
              <fieldentry>1</fieldentry>
            </qtimetadatafield>
            <qtimetadatafield>
              <fieldlabel>original_answer_ids</fieldlabel>
              <fieldentry>9870,6690,3573,2646,5224</fieldentry>
            </qtimetadatafield>
            <qtimetadatafield>
              <fieldlabel>assessment_question_identifierref</fieldlabel>
              <fieldentry>gmoosetyxy9c5qpiecsen8yqqxrb9bz</fieldentry>
            </qtimetadatafield>
          </qtimetadata>
        </itemmetadata>
        <presentation>
          <material>
            <mattext texttype="text/html">&lt;img src="$IMS-CC-FILEBASE$/Uploaded%20Media/ContourPlot(1, 1)_(2, -1).png" width="50%"&gt;&lt;br&gt;
            Classify the critical point at \(P = (2, -1)\) of the function \(f(x,y)\) whose 
            contour plot is shown above.</mattext>
          </material>
          <response_lid ident="response1" rcardinality="Single">
            <render_choice>
              <response_label ident="9870">
                <material>
                  <mattext texttype="text/plain">Local minimum</mattext>
                </material>
              </response_label>
              <response_label ident="6690">
                <material>
                  <mattext texttype="text/plain">Saddle point</mattext>
                </material>
              </response_label>
              <response_label ident="3573">
                <material>
                  <mattext texttype="text/plain">Local maximum</mattext>
                </material>
              </response_label>
              <response_label ident="2646">
                <material>
                  <mattext texttype="text/plain">Inflection point</mattext>
                </material>
              </response_label>
              <response_label ident="5224">
                <material>
                  <mattext texttype="text/plain">None of the others</mattext>
                </material>
              </response_label>
              </render_choice>
          </response_lid>
        </presentation>
        <resprocessing>
          <outcomes>
            <decvar maxvalue="100" minvalue="0" varname="SCORE" vartype="Decimal" />
          </outcomes>
          <respcondition continue="No">
            <conditionvar>
              <varequal respident="response1">9870</varequal>
            </conditionvar>
            <setvar action="Set" varname="SCORE">100</setvar>
          </respcondition>
        </resprocessing>
      </item>
      <item ident="g9a1d5992bdff4d20502b29ef6d5861" title="Question 13">
        <itemmetadata>
          <qtimetadata>
            <qtimetadatafield>
              <fieldlabel>question_type</fieldlabel>
              <fieldentry>multiple_choice_question</fieldentry>
            </qtimetadatafield>
            <qtimetadatafield>
              <fieldlabel>points_possible</fieldlabel>
              <fieldentry>1</fieldentry>
            </qtimetadatafield>
            <qtimetadatafield>
              <fieldlabel>original_answer_ids</fieldlabel>
              <fieldentry>3490,3846,6105,9590,7806</fieldentry>
            </qtimetadatafield>
            <qtimetadatafield>
              <fieldlabel>assessment_question_identifierref</fieldlabel>
              <fieldentry>gn0mb1qysccu2vdk9pmobrtulabwztf</fieldentry>
            </qtimetadatafield>
          </qtimetadata>
        </itemmetadata>
        <presentation>
          <material>
            <mattext texttype="text/html">&lt;img src="$IMS-CC-FILEBASE$/Uploaded%20Media/ContourPlot(-1, -1)_(2, 2).png" width="50%"&gt;&lt;br&gt;
            Classify the critical point at \(P = (2, 2)\) of the function \(f(x,y)\) whose 
            contour plot is shown above.</mattext>
          </material>
          <response_lid ident="response1" rcardinality="Single">
            <render_choice>
              <response_label ident="9590">
                <material>
                  <mattext texttype="text/plain">Inflection point</mattext>
                </material>
              </response_label>
              <response_label ident="6105">
                <material>
                  <mattext texttype="text/plain">Local minimum</mattext>
                </material>
              </response_label>
              <response_label ident="3490">
                <material>
                  <mattext texttype="text/plain">Local maximum</mattext>
                </material>
              </response_label>
              <response_label ident="3846">
                <material>
                  <mattext texttype="text/plain">Saddle point</mattext>
                </material>
              </response_label>
              <response_label ident="7806">
                <material>
                  <mattext texttype="text/plain">None of the others</mattext>
                </material>
              </response_label>
              </render_choice>
          </response_lid>
        </presentation>
        <resprocessing>
          <outcomes>
            <decvar maxvalue="100" minvalue="0" varname="SCORE" vartype="Decimal" />
          </outcomes>
          <respcondition continue="No">
            <conditionvar>
              <varequal respident="response1">3490</varequal>
            </conditionvar>
            <setvar action="Set" varname="SCORE">100</setvar>
          </respcondition>
        </resprocessing>
      </item>
      <item ident="ge1cadde860c9dce1cda717840037dd" title="Question 14">
        <itemmetadata>
          <qtimetadata>
            <qtimetadatafield>
              <fieldlabel>question_type</fieldlabel>
              <fieldentry>multiple_choice_question</fieldentry>
            </qtimetadatafield>
            <qtimetadatafield>
              <fieldlabel>points_possible</fieldlabel>
              <fieldentry>1</fieldentry>
            </qtimetadatafield>
            <qtimetadatafield>
              <fieldlabel>original_answer_ids</fieldlabel>
              <fieldentry>8105,1010,7196,2086,5718</fieldentry>
            </qtimetadatafield>
            <qtimetadatafield>
              <fieldlabel>assessment_question_identifierref</fieldlabel>
              <fieldentry>g3c1h7aeqjcn6rn6vz3juzvt7zje55y</fieldentry>
            </qtimetadatafield>
          </qtimetadata>
        </itemmetadata>
        <presentation>
          <material>
            <mattext texttype="text/html">&lt;img src="$IMS-CC-FILEBASE$/Uploaded%20Media/ContourPlot(-1, 1)_(2, 2).png" width="50%"&gt;&lt;br&gt;
            Classify the critical point at \(P = (2, 2)\) of the function \(f(x,y)\) whose 
            contour plot is shown above.</mattext>
          </material>
          <response_lid ident="response1" rcardinality="Single">
            <render_choice>
              <response_label ident="2086">
                <material>
                  <mattext texttype="text/plain">Inflection point</mattext>
                </material>
              </response_label>
              <response_label ident="7196">
                <material>
                  <mattext texttype="text/plain">Local minimum</mattext>
                </material>
              </response_label>
              <response_label ident="1010">
                <material>
                  <mattext texttype="text/plain">Local maximum</mattext>
                </material>
              </response_label>
              <response_label ident="8105">
                <material>
                  <mattext texttype="text/plain">Saddle point</mattext>
                </material>
              </response_label>
              <response_label ident="5718">
                <material>
                  <mattext texttype="text/plain">None of the others</mattext>
                </material>
              </response_label>
              </render_choice>
          </response_lid>
        </presentation>
        <resprocessing>
          <outcomes>
            <decvar maxvalue="100" minvalue="0" varname="SCORE" vartype="Decimal" />
          </outcomes>
          <respcondition continue="No">
            <conditionvar>
              <varequal respident="response1">8105</varequal>
            </conditionvar>
            <setvar action="Set" varname="SCORE">100</setvar>
          </respcondition>
        </resprocessing>
      </item>
      <item ident="g3dda5986daf6e3aa1b143e4f79f352" title="Question 15">
        <itemmetadata>
          <qtimetadata>
            <qtimetadatafield>
              <fieldlabel>question_type</fieldlabel>
              <fieldentry>multiple_choice_question</fieldentry>
            </qtimetadatafield>
            <qtimetadatafield>
              <fieldlabel>points_possible</fieldlabel>
              <fieldentry>1</fieldentry>
            </qtimetadatafield>
            <qtimetadatafield>
              <fieldlabel>original_answer_ids</fieldlabel>
              <fieldentry>9346,8188,6040,4260,2783</fieldentry>
            </qtimetadatafield>
            <qtimetadatafield>
              <fieldlabel>assessment_question_identifierref</fieldlabel>
              <fieldentry>gw2tw8dsie0o3yp9am42jesclbpa9ac</fieldentry>
            </qtimetadatafield>
          </qtimetadata>
        </itemmetadata>
        <presentation>
          <material>
            <mattext texttype="text/html">&lt;img src="$IMS-CC-FILEBASE$/Uploaded%20Media/ContourPlot(1, -1)_(2, 2).png" width="50%"&gt;&lt;br&gt;
            Classify the critical point at \(P = (2, 2)\) of the function \(f(x,y)\) whose 
            contour plot is shown above.</mattext>
          </material>
          <response_lid ident="response1" rcardinality="Single">
            <render_choice>
              <response_label ident="9346">
                <material>
                  <mattext texttype="text/plain">Saddle point</mattext>
                </material>
              </response_label>
              <response_label ident="8188">
                <material>
                  <mattext texttype="text/plain">Local maximum</mattext>
                </material>
              </response_label>
              <response_label ident="6040">
                <material>
                  <mattext texttype="text/plain">Local minimum</mattext>
                </material>
              </response_label>
              <response_label ident="4260">
                <material>
                  <mattext texttype="text/plain">Inflection point</mattext>
                </material>
              </response_label>
              <response_label ident="2783">
                <material>
                  <mattext texttype="text/plain">None of the others</mattext>
                </material>
              </response_label>
              </render_choice>
          </response_lid>
        </presentation>
        <resprocessing>
          <outcomes>
            <decvar maxvalue="100" minvalue="0" varname="SCORE" vartype="Decimal" />
          </outcomes>
          <respcondition continue="No">
            <conditionvar>
              <varequal respident="response1">9346</varequal>
            </conditionvar>
            <setvar action="Set" varname="SCORE">100</setvar>
          </respcondition>
        </resprocessing>
      </item>
      <item ident="g20b0b007b2a3260dc9289c1834f0c7" title="Question 16">
        <itemmetadata>
          <qtimetadata>
            <qtimetadatafield>
              <fieldlabel>question_type</fieldlabel>
              <fieldentry>multiple_choice_question</fieldentry>
            </qtimetadatafield>
            <qtimetadatafield>
              <fieldlabel>points_possible</fieldlabel>
              <fieldentry>1</fieldentry>
            </qtimetadatafield>
            <qtimetadatafield>
              <fieldlabel>original_answer_ids</fieldlabel>
              <fieldentry>7222,1587,9260,6449,2591</fieldentry>
            </qtimetadatafield>
            <qtimetadatafield>
              <fieldlabel>assessment_question_identifierref</fieldlabel>
              <fieldentry>gno1323kzgmtsh6qjsf8pmw51o5xafb</fieldentry>
            </qtimetadatafield>
          </qtimetadata>
        </itemmetadata>
        <presentation>
          <material>
            <mattext texttype="text/html">&lt;img src="$IMS-CC-FILEBASE$/Uploaded%20Media/ContourPlot(1, 1)_(2, 2).png" width="50%"&gt;&lt;br&gt;
            Classify the critical point at \(P = (2, 2)\) of the function \(f(x,y)\) whose 
            contour plot is shown above.</mattext>
          </material>
          <response_lid ident="response1" rcardinality="Single">
            <render_choice>
              <response_label ident="1587">
                <material>
                  <mattext texttype="text/plain">Saddle point</mattext>
                </material>
              </response_label>
              <response_label ident="9260">
                <material>
                  <mattext texttype="text/plain">Local maximum</mattext>
                </material>
              </response_label>
              <response_label ident="6449">
                <material>
                  <mattext texttype="text/plain">Inflection point</mattext>
                </material>
              </response_label>
              <response_label ident="7222">
                <material>
                  <mattext texttype="text/plain">Local minimum</mattext>
                </material>
              </response_label>
              <response_label ident="2591">
                <material>
                  <mattext texttype="text/plain">None of the others</mattext>
                </material>
              </response_label>
              </render_choice>
          </response_lid>
        </presentation>
        <resprocessing>
          <outcomes>
            <decvar maxvalue="100" minvalue="0" varname="SCORE" vartype="Decimal" />
          </outcomes>
          <respcondition continue="No">
            <conditionvar>
              <varequal respident="response1">7222</varequal>
            </conditionvar>
            <setvar action="Set" varname="SCORE">100</setvar>
          </respcondition>
        </resprocessing>
      </item>
      </section>
  </assessment>
</questestinterop>