<?xml version='1.0' encoding='UTF-8'?>
<questestinterop xmlns="http://www.imsglobal.org/xsd/ims_qtiasiv1p2" xmlns:xsi="http://www.w3.org/2001/XMLSchema-instance" xsi:schemaLocation="http://www.imsglobal.org/xsd/ims_qtiasiv1p2 http://www.imsglobal.org/xsd/ims_qtiasiv1p2p1.xsd">
  <assessment ident="gc6b653f7d9e4bd8077c5d9b2f7d5b5" title="Squid-made question pool">
    <qtimetadata>
      <qtimetadatafield>
        <fieldlabel>cc_maxattempts</fieldlabel>
        <fieldentry>1</fieldentry>
      </qtimetadatafield>
    </qtimetadata>
    <section ident="root_section">
      <item ident="g0fa59e66dd651b61348667bd6f1814" title="Question 1">
        <itemmetadata>
          <qtimetadata>
            <qtimetadatafield>
              <fieldlabel>question_type</fieldlabel>
              <fieldentry>multiple_choice_question</fieldentry>
            </qtimetadatafield>
            <qtimetadatafield>
              <fieldlabel>points_possible</fieldlabel>
              <fieldentry>1</fieldentry>
            </qtimetadatafield>
            <qtimetadatafield>
              <fieldlabel>original_answer_ids</fieldlabel>
              <fieldentry>4909,8640,7465,8285,8793</fieldentry>
            </qtimetadatafield>
            <qtimetadatafield>
              <fieldlabel>assessment_question_identifierref</fieldlabel>
              <fieldentry>gur8u23nk86epggkl58597bhbw2d51h</fieldentry>
            </qtimetadatafield>
          </qtimetadata>
        </itemmetadata>
        <presentation>
          <material>
            <mattext texttype="text/html">&lt;img src="$IMS-CC-FILEBASE$/Uploaded%20Media/ContourPlot(-1, -1)_(-1, -1).png" width="50%"&gt;&lt;br&gt;
            Classify the critical point at \(P = (-1, -1)\) of the function \(f(x,y)\) whose 
            contour plot is shown above.</mattext>
          </material>
          <response_lid ident="response1" rcardinality="Single">
            <render_choice>
              <response_label ident="4909">
                <material>
                  <mattext texttype="text/plain">Local maximum</mattext>
                </material>
              </response_label>
              <response_label ident="8640">
                <material>
                  <mattext texttype="text/plain">Saddle point</mattext>
                </material>
              </response_label>
              <response_label ident="7465">
                <material>
                  <mattext texttype="text/plain">Local minimum</mattext>
                </material>
              </response_label>
              <response_label ident="8285">
                <material>
                  <mattext texttype="text/plain">Inflection point</mattext>
                </material>
              </response_label>
              <response_label ident="8793">
                <material>
                  <mattext texttype="text/plain">None of the others</mattext>
                </material>
              </response_label>
              </render_choice>
          </response_lid>
        </presentation>
        <resprocessing>
          <outcomes>
            <decvar maxvalue="100" minvalue="0" varname="SCORE" vartype="Decimal" />
          </outcomes>
          <respcondition continue="No">
            <conditionvar>
              <varequal respident="response1">4909</varequal>
            </conditionvar>
            <setvar action="Set" varname="SCORE">100</setvar>
          </respcondition>
        </resprocessing>
      </item>
      <item ident="g4c2f877d1137cffa17063509cd0be3" title="Question 2">
        <itemmetadata>
          <qtimetadata>
            <qtimetadatafield>
              <fieldlabel>question_type</fieldlabel>
              <fieldentry>multiple_choice_question</fieldentry>
            </qtimetadatafield>
            <qtimetadatafield>
              <fieldlabel>points_possible</fieldlabel>
              <fieldentry>1</fieldentry>
            </qtimetadatafield>
            <qtimetadatafield>
              <fieldlabel>original_answer_ids</fieldlabel>
              <fieldentry>2055,2094,7761,6633,4133</fieldentry>
            </qtimetadatafield>
            <qtimetadatafield>
              <fieldlabel>assessment_question_identifierref</fieldlabel>
              <fieldentry>g4qm4jj0fr61p88mcomx3ejehkb2e2v</fieldentry>
            </qtimetadatafield>
          </qtimetadata>
        </itemmetadata>
        <presentation>
          <material>
            <mattext texttype="text/html">&lt;img src="$IMS-CC-FILEBASE$/Uploaded%20Media/ContourPlot(-1, 1)_(-1, -1).png" width="50%"&gt;&lt;br&gt;
            Classify the critical point at \(P = (-1, -1)\) of the function \(f(x,y)\) whose 
            contour plot is shown above.</mattext>
          </material>
          <response_lid ident="response1" rcardinality="Single">
            <render_choice>
              <response_label ident="7761">
                <material>
                  <mattext texttype="text/plain">Local minimum</mattext>
                </material>
              </response_label>
              <response_label ident="6633">
                <material>
                  <mattext texttype="text/plain">Inflection point</mattext>
                </material>
              </response_label>
              <response_label ident="2094">
                <material>
                  <mattext texttype="text/plain">Local maximum</mattext>
                </material>
              </response_label>
              <response_label ident="2055">
                <material>
                  <mattext texttype="text/plain">Saddle point</mattext>
                </material>
              </response_label>
              <response_label ident="4133">
                <material>
                  <mattext texttype="text/plain">None of the others</mattext>
                </material>
              </response_label>
              </render_choice>
          </response_lid>
        </presentation>
        <resprocessing>
          <outcomes>
            <decvar maxvalue="100" minvalue="0" varname="SCORE" vartype="Decimal" />
          </outcomes>
          <respcondition continue="No">
            <conditionvar>
              <varequal respident="response1">2055</varequal>
            </conditionvar>
            <setvar action="Set" varname="SCORE">100</setvar>
          </respcondition>
        </resprocessing>
      </item>
      <item ident="gc56c8b983bc94a97554e9983659d09" title="Question 3">
        <itemmetadata>
          <qtimetadata>
            <qtimetadatafield>
              <fieldlabel>question_type</fieldlabel>
              <fieldentry>multiple_choice_question</fieldentry>
            </qtimetadatafield>
            <qtimetadatafield>
              <fieldlabel>points_possible</fieldlabel>
              <fieldentry>1</fieldentry>
            </qtimetadatafield>
            <qtimetadatafield>
              <fieldlabel>original_answer_ids</fieldlabel>
              <fieldentry>5105,5880,8832,8304,1478</fieldentry>
            </qtimetadatafield>
            <qtimetadatafield>
              <fieldlabel>assessment_question_identifierref</fieldlabel>
              <fieldentry>gdyw62j0s5wgetgae3lmtbzodrbox53</fieldentry>
            </qtimetadatafield>
          </qtimetadata>
        </itemmetadata>
        <presentation>
          <material>
            <mattext texttype="text/html">&lt;img src="$IMS-CC-FILEBASE$/Uploaded%20Media/ContourPlot(1, -1)_(-1, -1).png" width="50%"&gt;&lt;br&gt;
            Classify the critical point at \(P = (-1, -1)\) of the function \(f(x,y)\) whose 
            contour plot is shown above.</mattext>
          </material>
          <response_lid ident="response1" rcardinality="Single">
            <render_choice>
              <response_label ident="5880">
                <material>
                  <mattext texttype="text/plain">Local maximum</mattext>
                </material>
              </response_label>
              <response_label ident="8304">
                <material>
                  <mattext texttype="text/plain">Inflection point</mattext>
                </material>
              </response_label>
              <response_label ident="5105">
                <material>
                  <mattext texttype="text/plain">Saddle point</mattext>
                </material>
              </response_label>
              <response_label ident="8832">
                <material>
                  <mattext texttype="text/plain">Local minimum</mattext>
                </material>
              </response_label>
              <response_label ident="1478">
                <material>
                  <mattext texttype="text/plain">None of the others</mattext>
                </material>
              </response_label>
              </render_choice>
          </response_lid>
        </presentation>
        <resprocessing>
          <outcomes>
            <decvar maxvalue="100" minvalue="0" varname="SCORE" vartype="Decimal" />
          </outcomes>
          <respcondition continue="No">
            <conditionvar>
              <varequal respident="response1">5105</varequal>
            </conditionvar>
            <setvar action="Set" varname="SCORE">100</setvar>
          </respcondition>
        </resprocessing>
      </item>
      <item ident="gdd4674b0be72db1ae9d189ade46861" title="Question 4">
        <itemmetadata>
          <qtimetadata>
            <qtimetadatafield>
              <fieldlabel>question_type</fieldlabel>
              <fieldentry>multiple_choice_question</fieldentry>
            </qtimetadatafield>
            <qtimetadatafield>
              <fieldlabel>points_possible</fieldlabel>
              <fieldentry>1</fieldentry>
            </qtimetadatafield>
            <qtimetadatafield>
              <fieldlabel>original_answer_ids</fieldlabel>
              <fieldentry>5463,5153,3313,7999,9893</fieldentry>
            </qtimetadatafield>
            <qtimetadatafield>
              <fieldlabel>assessment_question_identifierref</fieldlabel>
              <fieldentry>gwj7044gtnvqtuxsaaie40evbjtexhq</fieldentry>
            </qtimetadatafield>
          </qtimetadata>
        </itemmetadata>
        <presentation>
          <material>
            <mattext texttype="text/html">&lt;img src="$IMS-CC-FILEBASE$/Uploaded%20Media/ContourPlot(1, 1)_(-1, -1).png" width="50%"&gt;&lt;br&gt;
            Classify the critical point at \(P = (-1, -1)\) of the function \(f(x,y)\) whose 
            contour plot is shown above.</mattext>
          </material>
          <response_lid ident="response1" rcardinality="Single">
            <render_choice>
              <response_label ident="5463">
                <material>
                  <mattext texttype="text/plain">Local minimum</mattext>
                </material>
              </response_label>
              <response_label ident="5153">
                <material>
                  <mattext texttype="text/plain">Saddle point</mattext>
                </material>
              </response_label>
              <response_label ident="3313">
                <material>
                  <mattext texttype="text/plain">Local maximum</mattext>
                </material>
              </response_label>
              <response_label ident="7999">
                <material>
                  <mattext texttype="text/plain">Inflection point</mattext>
                </material>
              </response_label>
              <response_label ident="9893">
                <material>
                  <mattext texttype="text/plain">None of the others</mattext>
                </material>
              </response_label>
              </render_choice>
          </response_lid>
        </presentation>
        <resprocessing>
          <outcomes>
            <decvar maxvalue="100" minvalue="0" varname="SCORE" vartype="Decimal" />
          </outcomes>
          <respcondition continue="No">
            <conditionvar>
              <varequal respident="response1">5463</varequal>
            </conditionvar>
            <setvar action="Set" varname="SCORE">100</setvar>
          </respcondition>
        </resprocessing>
      </item>
      <item ident="g3deff27e21f7491a006df354a84243" title="Question 5">
        <itemmetadata>
          <qtimetadata>
            <qtimetadatafield>
              <fieldlabel>question_type</fieldlabel>
              <fieldentry>multiple_choice_question</fieldentry>
            </qtimetadatafield>
            <qtimetadatafield>
              <fieldlabel>points_possible</fieldlabel>
              <fieldentry>1</fieldentry>
            </qtimetadatafield>
            <qtimetadatafield>
              <fieldlabel>original_answer_ids</fieldlabel>
              <fieldentry>5863,3188,2764,9849,4245</fieldentry>
            </qtimetadatafield>
            <qtimetadatafield>
              <fieldlabel>assessment_question_identifierref</fieldlabel>
              <fieldentry>g9z6wlu48fb6zrkyygvamm3kvxfx1mx</fieldentry>
            </qtimetadatafield>
          </qtimetadata>
        </itemmetadata>
        <presentation>
          <material>
            <mattext texttype="text/html">&lt;img src="$IMS-CC-FILEBASE$/Uploaded%20Media/ContourPlot(-1, -1)_(-1, 2).png" width="50%"&gt;&lt;br&gt;
            Classify the critical point at \(P = (-1, 2)\) of the function \(f(x,y)\) whose 
            contour plot is shown above.</mattext>
          </material>
          <response_lid ident="response1" rcardinality="Single">
            <render_choice>
              <response_label ident="5863">
                <material>
                  <mattext texttype="text/plain">Local maximum</mattext>
                </material>
              </response_label>
              <response_label ident="2764">
                <material>
                  <mattext texttype="text/plain">Local minimum</mattext>
                </material>
              </response_label>
              <response_label ident="9849">
                <material>
                  <mattext texttype="text/plain">Inflection point</mattext>
                </material>
              </response_label>
              <response_label ident="3188">
                <material>
                  <mattext texttype="text/plain">Saddle point</mattext>
                </material>
              </response_label>
              <response_label ident="4245">
                <material>
                  <mattext texttype="text/plain">None of the others</mattext>
                </material>
              </response_label>
              </render_choice>
          </response_lid>
        </presentation>
        <resprocessing>
          <outcomes>
            <decvar maxvalue="100" minvalue="0" varname="SCORE" vartype="Decimal" />
          </outcomes>
          <respcondition continue="No">
            <conditionvar>
              <varequal respident="response1">5863</varequal>
            </conditionvar>
            <setvar action="Set" varname="SCORE">100</setvar>
          </respcondition>
        </resprocessing>
      </item>
      <item ident="g06d3c8ff41c903313abd94620b8a68" title="Question 6">
        <itemmetadata>
          <qtimetadata>
            <qtimetadatafield>
              <fieldlabel>question_type</fieldlabel>
              <fieldentry>multiple_choice_question</fieldentry>
            </qtimetadatafield>
            <qtimetadatafield>
              <fieldlabel>points_possible</fieldlabel>
              <fieldentry>1</fieldentry>
            </qtimetadatafield>
            <qtimetadatafield>
              <fieldlabel>original_answer_ids</fieldlabel>
              <fieldentry>3465,2507,4316,7088,8775</fieldentry>
            </qtimetadatafield>
            <qtimetadatafield>
              <fieldlabel>assessment_question_identifierref</fieldlabel>
              <fieldentry>gsnkrdaxc1vpngtrkmt6vbppf3x80dr</fieldentry>
            </qtimetadatafield>
          </qtimetadata>
        </itemmetadata>
        <presentation>
          <material>
            <mattext texttype="text/html">&lt;img src="$IMS-CC-FILEBASE$/Uploaded%20Media/ContourPlot(-1, 1)_(-1, 2).png" width="50%"&gt;&lt;br&gt;
            Classify the critical point at \(P = (-1, 2)\) of the function \(f(x,y)\) whose 
            contour plot is shown above.</mattext>
          </material>
          <response_lid ident="response1" rcardinality="Single">
            <render_choice>
              <response_label ident="2507">
                <material>
                  <mattext texttype="text/plain">Local maximum</mattext>
                </material>
              </response_label>
              <response_label ident="4316">
                <material>
                  <mattext texttype="text/plain">Local minimum</mattext>
                </material>
              </response_label>
              <response_label ident="3465">
                <material>
                  <mattext texttype="text/plain">Saddle point</mattext>
                </material>
              </response_label>
              <response_label ident="7088">
                <material>
                  <mattext texttype="text/plain">Inflection point</mattext>
                </material>
              </response_label>
              <response_label ident="8775">
                <material>
                  <mattext texttype="text/plain">None of the others</mattext>
                </material>
              </response_label>
              </render_choice>
          </response_lid>
        </presentation>
        <resprocessing>
          <outcomes>
            <decvar maxvalue="100" minvalue="0" varname="SCORE" vartype="Decimal" />
          </outcomes>
          <respcondition continue="No">
            <conditionvar>
              <varequal respident="response1">3465</varequal>
            </conditionvar>
            <setvar action="Set" varname="SCORE">100</setvar>
          </respcondition>
        </resprocessing>
      </item>
      <item ident="g8d99ca5e753afa1f47de5e77ea1460" title="Question 7">
        <itemmetadata>
          <qtimetadata>
            <qtimetadatafield>
              <fieldlabel>question_type</fieldlabel>
              <fieldentry>multiple_choice_question</fieldentry>
            </qtimetadatafield>
            <qtimetadatafield>
              <fieldlabel>points_possible</fieldlabel>
              <fieldentry>1</fieldentry>
            </qtimetadatafield>
            <qtimetadatafield>
              <fieldlabel>original_answer_ids</fieldlabel>
              <fieldentry>6537,1834,8949,1325,3175</fieldentry>
            </qtimetadatafield>
            <qtimetadatafield>
              <fieldlabel>assessment_question_identifierref</fieldlabel>
              <fieldentry>g0eu2ripu99ywppsw8rrw1rxfvvkuyn</fieldentry>
            </qtimetadatafield>
          </qtimetadata>
        </itemmetadata>
        <presentation>
          <material>
            <mattext texttype="text/html">&lt;img src="$IMS-CC-FILEBASE$/Uploaded%20Media/ContourPlot(1, -1)_(-1, 2).png" width="50%"&gt;&lt;br&gt;
            Classify the critical point at \(P = (-1, 2)\) of the function \(f(x,y)\) whose 
            contour plot is shown above.</mattext>
          </material>
          <response_lid ident="response1" rcardinality="Single">
            <render_choice>
              <response_label ident="6537">
                <material>
                  <mattext texttype="text/plain">Saddle point</mattext>
                </material>
              </response_label>
              <response_label ident="1834">
                <material>
                  <mattext texttype="text/plain">Local maximum</mattext>
                </material>
              </response_label>
              <response_label ident="1325">
                <material>
                  <mattext texttype="text/plain">Inflection point</mattext>
                </material>
              </response_label>
              <response_label ident="8949">
                <material>
                  <mattext texttype="text/plain">Local minimum</mattext>
                </material>
              </response_label>
              <response_label ident="3175">
                <material>
                  <mattext texttype="text/plain">None of the others</mattext>
                </material>
              </response_label>
              </render_choice>
          </response_lid>
        </presentation>
        <resprocessing>
          <outcomes>
            <decvar maxvalue="100" minvalue="0" varname="SCORE" vartype="Decimal" />
          </outcomes>
          <respcondition continue="No">
            <conditionvar>
              <varequal respident="response1">6537</varequal>
            </conditionvar>
            <setvar action="Set" varname="SCORE">100</setvar>
          </respcondition>
        </resprocessing>
      </item>
      <item ident="g414f3c6be09b0805828b563a9a8cfd" title="Question 8">
        <itemmetadata>
          <qtimetadata>
            <qtimetadatafield>
              <fieldlabel>question_type</fieldlabel>
              <fieldentry>multiple_choice_question</fieldentry>
            </qtimetadatafield>
            <qtimetadatafield>
              <fieldlabel>points_possible</fieldlabel>
              <fieldentry>1</fieldentry>
            </qtimetadatafield>
            <qtimetadatafield>
              <fieldlabel>original_answer_ids</fieldlabel>
              <fieldentry>6523,2050,2593,7240,7318</fieldentry>
            </qtimetadatafield>
            <qtimetadatafield>
              <fieldlabel>assessment_question_identifierref</fieldlabel>
              <fieldentry>gbhwt2hk0pxvi8gomgjv5nk5co4vomj</fieldentry>
            </qtimetadatafield>
          </qtimetadata>
        </itemmetadata>
        <presentation>
          <material>
            <mattext texttype="text/html">&lt;img src="$IMS-CC-FILEBASE$/Uploaded%20Media/ContourPlot(1, 1)_(-1, 2).png" width="50%"&gt;&lt;br&gt;
            Classify the critical point at \(P = (-1, 2)\) of the function \(f(x,y)\) whose 
            contour plot is shown above.</mattext>
          </material>
          <response_lid ident="response1" rcardinality="Single">
            <render_choice>
              <response_label ident="2050">
                <material>
                  <mattext texttype="text/plain">Saddle point</mattext>
                </material>
              </response_label>
              <response_label ident="6523">
                <material>
                  <mattext texttype="text/plain">Local minimum</mattext>
                </material>
              </response_label>
              <response_label ident="7240">
                <material>
                  <mattext texttype="text/plain">Inflection point</mattext>
                </material>
              </response_label>
              <response_label ident="2593">
                <material>
                  <mattext texttype="text/plain">Local maximum</mattext>
                </material>
              </response_label>
              <response_label ident="7318">
                <material>
                  <mattext texttype="text/plain">None of the others</mattext>
                </material>
              </response_label>
              </render_choice>
          </response_lid>
        </presentation>
        <resprocessing>
          <outcomes>
            <decvar maxvalue="100" minvalue="0" varname="SCORE" vartype="Decimal" />
          </outcomes>
          <respcondition continue="No">
            <conditionvar>
              <varequal respident="response1">6523</varequal>
            </conditionvar>
            <setvar action="Set" varname="SCORE">100</setvar>
          </respcondition>
        </resprocessing>
      </item>
      <item ident="gf1c99aafa4dde5f17f5e7d3df2c413" title="Question 9">
        <itemmetadata>
          <qtimetadata>
            <qtimetadatafield>
              <fieldlabel>question_type</fieldlabel>
              <fieldentry>multiple_choice_question</fieldentry>
            </qtimetadatafield>
            <qtimetadatafield>
              <fieldlabel>points_possible</fieldlabel>
              <fieldentry>1</fieldentry>
            </qtimetadatafield>
            <qtimetadatafield>
              <fieldlabel>original_answer_ids</fieldlabel>
              <fieldentry>9165,8252,4794,9834,6991</fieldentry>
            </qtimetadatafield>
            <qtimetadatafield>
              <fieldlabel>assessment_question_identifierref</fieldlabel>
              <fieldentry>gdi07p73mvbq7zzdxrmzdr5mi2vl9k5</fieldentry>
            </qtimetadatafield>
          </qtimetadata>
        </itemmetadata>
        <presentation>
          <material>
            <mattext texttype="text/html">&lt;img src="$IMS-CC-FILEBASE$/Uploaded%20Media/ContourPlot(-1, -1)_(2, -1).png" width="50%"&gt;&lt;br&gt;
            Classify the critical point at \(P = (2, -1)\) of the function \(f(x,y)\) whose 
            contour plot is shown above.</mattext>
          </material>
          <response_lid ident="response1" rcardinality="Single">
            <render_choice>
              <response_label ident="9834">
                <material>
                  <mattext texttype="text/plain">Inflection point</mattext>
                </material>
              </response_label>
              <response_label ident="8252">
                <material>
                  <mattext texttype="text/plain">Saddle point</mattext>
                </material>
              </response_label>
              <response_label ident="9165">
                <material>
                  <mattext texttype="text/plain">Local maximum</mattext>
                </material>
              </response_label>
              <response_label ident="4794">
                <material>
                  <mattext texttype="text/plain">Local minimum</mattext>
                </material>
              </response_label>
              <response_label ident="6991">
                <material>
                  <mattext texttype="text/plain">None of the others</mattext>
                </material>
              </response_label>
              </render_choice>
          </response_lid>
        </presentation>
        <resprocessing>
          <outcomes>
            <decvar maxvalue="100" minvalue="0" varname="SCORE" vartype="Decimal" />
          </outcomes>
          <respcondition continue="No">
            <conditionvar>
              <varequal respident="response1">9165</varequal>
            </conditionvar>
            <setvar action="Set" varname="SCORE">100</setvar>
          </respcondition>
        </resprocessing>
      </item>
      <item ident="g15b9056fd0591dc1d796aab202aa96" title="Question 10">
        <itemmetadata>
          <qtimetadata>
            <qtimetadatafield>
              <fieldlabel>question_type</fieldlabel>
              <fieldentry>multiple_choice_question</fieldentry>
            </qtimetadatafield>
            <qtimetadatafield>
              <fieldlabel>points_possible</fieldlabel>
              <fieldentry>1</fieldentry>
            </qtimetadatafield>
            <qtimetadatafield>
              <fieldlabel>original_answer_ids</fieldlabel>
              <fieldentry>5211,8160,3899,2333,8671</fieldentry>
            </qtimetadatafield>
            <qtimetadatafield>
              <fieldlabel>assessment_question_identifierref</fieldlabel>
              <fieldentry>gwspve5i9sqod82aj264b7isaijko6k</fieldentry>
            </qtimetadatafield>
          </qtimetadata>
        </itemmetadata>
        <presentation>
          <material>
            <mattext texttype="text/html">&lt;img src="$IMS-CC-FILEBASE$/Uploaded%20Media/ContourPlot(-1, 1)_(2, -1).png" width="50%"&gt;&lt;br&gt;
            Classify the critical point at \(P = (2, -1)\) of the function \(f(x,y)\) whose 
            contour plot is shown above.</mattext>
          </material>
          <response_lid ident="response1" rcardinality="Single">
            <render_choice>
              <response_label ident="5211">
                <material>
                  <mattext texttype="text/plain">Saddle point</mattext>
                </material>
              </response_label>
              <response_label ident="3899">
                <material>
                  <mattext texttype="text/plain">Local minimum</mattext>
                </material>
              </response_label>
              <response_label ident="8160">
                <material>
                  <mattext texttype="text/plain">Local maximum</mattext>
                </material>
              </response_label>
              <response_label ident="2333">
                <material>
                  <mattext texttype="text/plain">Inflection point</mattext>
                </material>
              </response_label>
              <response_label ident="8671">
                <material>
                  <mattext texttype="text/plain">None of the others</mattext>
                </material>
              </response_label>
              </render_choice>
          </response_lid>
        </presentation>
        <resprocessing>
          <outcomes>
            <decvar maxvalue="100" minvalue="0" varname="SCORE" vartype="Decimal" />
          </outcomes>
          <respcondition continue="No">
            <conditionvar>
              <varequal respident="response1">5211</varequal>
            </conditionvar>
            <setvar action="Set" varname="SCORE">100</setvar>
          </respcondition>
        </resprocessing>
      </item>
      <item ident="g302ffd564b0f27d8301e9af185339e" title="Question 11">
        <itemmetadata>
          <qtimetadata>
            <qtimetadatafield>
              <fieldlabel>question_type</fieldlabel>
              <fieldentry>multiple_choice_question</fieldentry>
            </qtimetadatafield>
            <qtimetadatafield>
              <fieldlabel>points_possible</fieldlabel>
              <fieldentry>1</fieldentry>
            </qtimetadatafield>
            <qtimetadatafield>
              <fieldlabel>original_answer_ids</fieldlabel>
              <fieldentry>7440,3692,9076,5110,3711</fieldentry>
            </qtimetadatafield>
            <qtimetadatafield>
              <fieldlabel>assessment_question_identifierref</fieldlabel>
              <fieldentry>g7co02xygqkvf80f8ylycckwldk9qwp</fieldentry>
            </qtimetadatafield>
          </qtimetadata>
        </itemmetadata>
        <presentation>
          <material>
            <mattext texttype="text/html">&lt;img src="$IMS-CC-FILEBASE$/Uploaded%20Media/ContourPlot(1, -1)_(2, -1).png" width="50%"&gt;&lt;br&gt;
            Classify the critical point at \(P = (2, -1)\) of the function \(f(x,y)\) whose 
            contour plot is shown above.</mattext>
          </material>
          <response_lid ident="response1" rcardinality="Single">
            <render_choice>
              <response_label ident="3692">
                <material>
                  <mattext texttype="text/plain">Local maximum</mattext>
                </material>
              </response_label>
              <response_label ident="5110">
                <material>
                  <mattext texttype="text/plain">Inflection point</mattext>
                </material>
              </response_label>
              <response_label ident="7440">
                <material>
                  <mattext texttype="text/plain">Saddle point</mattext>
                </material>
              </response_label>
              <response_label ident="9076">
                <material>
                  <mattext texttype="text/plain">Local minimum</mattext>
                </material>
              </response_label>
              <response_label ident="3711">
                <material>
                  <mattext texttype="text/plain">None of the others</mattext>
                </material>
              </response_label>
              </render_choice>
          </response_lid>
        </presentation>
        <resprocessing>
          <outcomes>
            <decvar maxvalue="100" minvalue="0" varname="SCORE" vartype="Decimal" />
          </outcomes>
          <respcondition continue="No">
            <conditionvar>
              <varequal respident="response1">7440</varequal>
            </conditionvar>
            <setvar action="Set" varname="SCORE">100</setvar>
          </respcondition>
        </resprocessing>
      </item>
      <item ident="g5f14c202561ab1275a5f0176673e8b" title="Question 12">
        <itemmetadata>
          <qtimetadata>
            <qtimetadatafield>
              <fieldlabel>question_type</fieldlabel>
              <fieldentry>multiple_choice_question</fieldentry>
            </qtimetadatafield>
            <qtimetadatafield>
              <fieldlabel>points_possible</fieldlabel>
              <fieldentry>1</fieldentry>
            </qtimetadatafield>
            <qtimetadatafield>
              <fieldlabel>original_answer_ids</fieldlabel>
              <fieldentry>4289,7121,4395,8575,3143</fieldentry>
            </qtimetadatafield>
            <qtimetadatafield>
              <fieldlabel>assessment_question_identifierref</fieldlabel>
              <fieldentry>gcq0z1bboc5zr9kc61w13d9n4vgza3s</fieldentry>
            </qtimetadatafield>
          </qtimetadata>
        </itemmetadata>
        <presentation>
          <material>
            <mattext texttype="text/html">&lt;img src="$IMS-CC-FILEBASE$/Uploaded%20Media/ContourPlot(1, 1)_(2, -1).png" width="50%"&gt;&lt;br&gt;
            Classify the critical point at \(P = (2, -1)\) of the function \(f(x,y)\) whose 
            contour plot is shown above.</mattext>
          </material>
          <response_lid ident="response1" rcardinality="Single">
            <render_choice>
              <response_label ident="8575">
                <material>
                  <mattext texttype="text/plain">Inflection point</mattext>
                </material>
              </response_label>
              <response_label ident="4289">
                <material>
                  <mattext texttype="text/plain">Local minimum</mattext>
                </material>
              </response_label>
              <response_label ident="4395">
                <material>
                  <mattext texttype="text/plain">Local maximum</mattext>
                </material>
              </response_label>
              <response_label ident="7121">
                <material>
                  <mattext texttype="text/plain">Saddle point</mattext>
                </material>
              </response_label>
              <response_label ident="3143">
                <material>
                  <mattext texttype="text/plain">None of the others</mattext>
                </material>
              </response_label>
              </render_choice>
          </response_lid>
        </presentation>
        <resprocessing>
          <outcomes>
            <decvar maxvalue="100" minvalue="0" varname="SCORE" vartype="Decimal" />
          </outcomes>
          <respcondition continue="No">
            <conditionvar>
              <varequal respident="response1">4289</varequal>
            </conditionvar>
            <setvar action="Set" varname="SCORE">100</setvar>
          </respcondition>
        </resprocessing>
      </item>
      <item ident="gb8461e378e59f4a6a79b0f14287616" title="Question 13">
        <itemmetadata>
          <qtimetadata>
            <qtimetadatafield>
              <fieldlabel>question_type</fieldlabel>
              <fieldentry>multiple_choice_question</fieldentry>
            </qtimetadatafield>
            <qtimetadatafield>
              <fieldlabel>points_possible</fieldlabel>
              <fieldentry>1</fieldentry>
            </qtimetadatafield>
            <qtimetadatafield>
              <fieldlabel>original_answer_ids</fieldlabel>
              <fieldentry>5748,4161,2345,3865,6396</fieldentry>
            </qtimetadatafield>
            <qtimetadatafield>
              <fieldlabel>assessment_question_identifierref</fieldlabel>
              <fieldentry>gw8006zjuf0kihuy5ntbbgjgznz3s0j</fieldentry>
            </qtimetadatafield>
          </qtimetadata>
        </itemmetadata>
        <presentation>
          <material>
            <mattext texttype="text/html">&lt;img src="$IMS-CC-FILEBASE$/Uploaded%20Media/ContourPlot(-1, -1)_(2, 2).png" width="50%"&gt;&lt;br&gt;
            Classify the critical point at \(P = (2, 2)\) of the function \(f(x,y)\) whose 
            contour plot is shown above.</mattext>
          </material>
          <response_lid ident="response1" rcardinality="Single">
            <render_choice>
              <response_label ident="5748">
                <material>
                  <mattext texttype="text/plain">Local maximum</mattext>
                </material>
              </response_label>
              <response_label ident="3865">
                <material>
                  <mattext texttype="text/plain">Inflection point</mattext>
                </material>
              </response_label>
              <response_label ident="2345">
                <material>
                  <mattext texttype="text/plain">Local minimum</mattext>
                </material>
              </response_label>
              <response_label ident="4161">
                <material>
                  <mattext texttype="text/plain">Saddle point</mattext>
                </material>
              </response_label>
              <response_label ident="6396">
                <material>
                  <mattext texttype="text/plain">None of the others</mattext>
                </material>
              </response_label>
              </render_choice>
          </response_lid>
        </presentation>
        <resprocessing>
          <outcomes>
            <decvar maxvalue="100" minvalue="0" varname="SCORE" vartype="Decimal" />
          </outcomes>
          <respcondition continue="No">
            <conditionvar>
              <varequal respident="response1">5748</varequal>
            </conditionvar>
            <setvar action="Set" varname="SCORE">100</setvar>
          </respcondition>
        </resprocessing>
      </item>
      <item ident="gad37ff19bf886dc280134115f71861" title="Question 14">
        <itemmetadata>
          <qtimetadata>
            <qtimetadatafield>
              <fieldlabel>question_type</fieldlabel>
              <fieldentry>multiple_choice_question</fieldentry>
            </qtimetadatafield>
            <qtimetadatafield>
              <fieldlabel>points_possible</fieldlabel>
              <fieldentry>1</fieldentry>
            </qtimetadatafield>
            <qtimetadatafield>
              <fieldlabel>original_answer_ids</fieldlabel>
              <fieldentry>8367,6201,6539,2127,7918</fieldentry>
            </qtimetadatafield>
            <qtimetadatafield>
              <fieldlabel>assessment_question_identifierref</fieldlabel>
              <fieldentry>glazx5qij1vicqw2fpn8480959mnqii</fieldentry>
            </qtimetadatafield>
          </qtimetadata>
        </itemmetadata>
        <presentation>
          <material>
            <mattext texttype="text/html">&lt;img src="$IMS-CC-FILEBASE$/Uploaded%20Media/ContourPlot(-1, 1)_(2, 2).png" width="50%"&gt;&lt;br&gt;
            Classify the critical point at \(P = (2, 2)\) of the function \(f(x,y)\) whose 
            contour plot is shown above.</mattext>
          </material>
          <response_lid ident="response1" rcardinality="Single">
            <render_choice>
              <response_label ident="8367">
                <material>
                  <mattext texttype="text/plain">Saddle point</mattext>
                </material>
              </response_label>
              <response_label ident="6539">
                <material>
                  <mattext texttype="text/plain">Local minimum</mattext>
                </material>
              </response_label>
              <response_label ident="2127">
                <material>
                  <mattext texttype="text/plain">Inflection point</mattext>
                </material>
              </response_label>
              <response_label ident="6201">
                <material>
                  <mattext texttype="text/plain">Local maximum</mattext>
                </material>
              </response_label>
              <response_label ident="7918">
                <material>
                  <mattext texttype="text/plain">None of the others</mattext>
                </material>
              </response_label>
              </render_choice>
          </response_lid>
        </presentation>
        <resprocessing>
          <outcomes>
            <decvar maxvalue="100" minvalue="0" varname="SCORE" vartype="Decimal" />
          </outcomes>
          <respcondition continue="No">
            <conditionvar>
              <varequal respident="response1">8367</varequal>
            </conditionvar>
            <setvar action="Set" varname="SCORE">100</setvar>
          </respcondition>
        </resprocessing>
      </item>
      <item ident="g82c82b8a2d00d8ce2edb1318244108" title="Question 15">
        <itemmetadata>
          <qtimetadata>
            <qtimetadatafield>
              <fieldlabel>question_type</fieldlabel>
              <fieldentry>multiple_choice_question</fieldentry>
            </qtimetadatafield>
            <qtimetadatafield>
              <fieldlabel>points_possible</fieldlabel>
              <fieldentry>1</fieldentry>
            </qtimetadatafield>
            <qtimetadatafield>
              <fieldlabel>original_answer_ids</fieldlabel>
              <fieldentry>2857,4111,9978,2576,1209</fieldentry>
            </qtimetadatafield>
            <qtimetadatafield>
              <fieldlabel>assessment_question_identifierref</fieldlabel>
              <fieldentry>g6skd87qkyfuvib5amxqtgym94suh3o</fieldentry>
            </qtimetadatafield>
          </qtimetadata>
        </itemmetadata>
        <presentation>
          <material>
            <mattext texttype="text/html">&lt;img src="$IMS-CC-FILEBASE$/Uploaded%20Media/ContourPlot(1, -1)_(2, 2).png" width="50%"&gt;&lt;br&gt;
            Classify the critical point at \(P = (2, 2)\) of the function \(f(x,y)\) whose 
            contour plot is shown above.</mattext>
          </material>
          <response_lid ident="response1" rcardinality="Single">
            <render_choice>
              <response_label ident="9978">
                <material>
                  <mattext texttype="text/plain">Local minimum</mattext>
                </material>
              </response_label>
              <response_label ident="2857">
                <material>
                  <mattext texttype="text/plain">Saddle point</mattext>
                </material>
              </response_label>
              <response_label ident="2576">
                <material>
                  <mattext texttype="text/plain">Inflection point</mattext>
                </material>
              </response_label>
              <response_label ident="4111">
                <material>
                  <mattext texttype="text/plain">Local maximum</mattext>
                </material>
              </response_label>
              <response_label ident="1209">
                <material>
                  <mattext texttype="text/plain">None of the others</mattext>
                </material>
              </response_label>
              </render_choice>
          </response_lid>
        </presentation>
        <resprocessing>
          <outcomes>
            <decvar maxvalue="100" minvalue="0" varname="SCORE" vartype="Decimal" />
          </outcomes>
          <respcondition continue="No">
            <conditionvar>
              <varequal respident="response1">2857</varequal>
            </conditionvar>
            <setvar action="Set" varname="SCORE">100</setvar>
          </respcondition>
        </resprocessing>
      </item>
      <item ident="g2628c3d04924e8cff3b1f8b706725e" title="Question 16">
        <itemmetadata>
          <qtimetadata>
            <qtimetadatafield>
              <fieldlabel>question_type</fieldlabel>
              <fieldentry>multiple_choice_question</fieldentry>
            </qtimetadatafield>
            <qtimetadatafield>
              <fieldlabel>points_possible</fieldlabel>
              <fieldentry>1</fieldentry>
            </qtimetadatafield>
            <qtimetadatafield>
              <fieldlabel>original_answer_ids</fieldlabel>
              <fieldentry>9314,6310,7863,8647,9280</fieldentry>
            </qtimetadatafield>
            <qtimetadatafield>
              <fieldlabel>assessment_question_identifierref</fieldlabel>
              <fieldentry>gp341phb5543h14pthe2r0vhmbt33gw</fieldentry>
            </qtimetadatafield>
          </qtimetadata>
        </itemmetadata>
        <presentation>
          <material>
            <mattext texttype="text/html">&lt;img src="$IMS-CC-FILEBASE$/Uploaded%20Media/ContourPlot(1, 1)_(2, 2).png" width="50%"&gt;&lt;br&gt;
            Classify the critical point at \(P = (2, 2)\) of the function \(f(x,y)\) whose 
            contour plot is shown above.</mattext>
          </material>
          <response_lid ident="response1" rcardinality="Single">
            <render_choice>
              <response_label ident="7863">
                <material>
                  <mattext texttype="text/plain">Local maximum</mattext>
                </material>
              </response_label>
              <response_label ident="8647">
                <material>
                  <mattext texttype="text/plain">Inflection point</mattext>
                </material>
              </response_label>
              <response_label ident="9314">
                <material>
                  <mattext texttype="text/plain">Local minimum</mattext>
                </material>
              </response_label>
              <response_label ident="6310">
                <material>
                  <mattext texttype="text/plain">Saddle point</mattext>
                </material>
              </response_label>
              <response_label ident="9280">
                <material>
                  <mattext texttype="text/plain">None of the others</mattext>
                </material>
              </response_label>
              </render_choice>
          </response_lid>
        </presentation>
        <resprocessing>
          <outcomes>
            <decvar maxvalue="100" minvalue="0" varname="SCORE" vartype="Decimal" />
          </outcomes>
          <respcondition continue="No">
            <conditionvar>
              <varequal respident="response1">9314</varequal>
            </conditionvar>
            <setvar action="Set" varname="SCORE">100</setvar>
          </respcondition>
        </resprocessing>
      </item>
      </section>
  </assessment>
</questestinterop>