<?xml version='1.0' encoding='UTF-8'?>
<questestinterop xmlns="http://www.imsglobal.org/xsd/ims_qtiasiv1p2" xmlns:xsi="http://www.w3.org/2001/XMLSchema-instance" xsi:schemaLocation="http://www.imsglobal.org/xsd/ims_qtiasiv1p2 http://www.imsglobal.org/xsd/ims_qtiasiv1p2p1.xsd">
  <assessment ident="gde47309fc5bd4aa902a592b4ffff48" title="CA7_ClassifyCrit_MCQ_img">
    <qtimetadata>
      <qtimetadatafield>
        <fieldlabel>cc_maxattempts</fieldlabel>
        <fieldentry>1</fieldentry>
      </qtimetadatafield>
    </qtimetadata>
    <section ident="root_section">
      <item ident="g1de9c9e49776bac93a4045efc9f47e" title="Question 1">
        <itemmetadata>
          <qtimetadata>
            <qtimetadatafield>
              <fieldlabel>question_type</fieldlabel>
              <fieldentry>file_upload_question</fieldentry>
            </qtimetadatafield>
            <qtimetadatafield>
              <fieldlabel>points_possible</fieldlabel>
              <fieldentry>3</fieldentry>
            </qtimetadatafield>
            <qtimetadatafield>
              <fieldlabel>original_answer_ids</fieldlabel>
              <fieldentry />
            </qtimetadatafield>
            <qtimetadatafield>
              <fieldlabel>assessment_question_identifierref</fieldlabel>
              <fieldentry>ghnhekvjddtov6jdurbup3vi1p2jc59</fieldentry>
            </qtimetadatafield>
          </qtimetadata>
        </itemmetadata>
        <presentation>
          <material>
            <mattext texttype="text/html">
Compute the radius of convergence of the following power series. Show all your work.
    \[
    f(x) = \sum_{n=0}^\infty n\left(1/2\right)^n \big(3x + 2\big)^n
    \]
&lt;br&gt;[For office use only: V1]</mattext>
          </material>
        </presentation>
        <resprocessing>
          <outcomes>
            <decvar maxvalue="100" minvalue="0" varname="SCORE" vartype="Decimal" />
          </outcomes>
        </resprocessing>
      </item>
    <item ident="g3408e9ff3e8c0af21416628a1c713d" title="Question 2">
        <itemmetadata>
          <qtimetadata>
            <qtimetadatafield>
              <fieldlabel>question_type</fieldlabel>
              <fieldentry>file_upload_question</fieldentry>
            </qtimetadatafield>
            <qtimetadatafield>
              <fieldlabel>points_possible</fieldlabel>
              <fieldentry>3</fieldentry>
            </qtimetadatafield>
            <qtimetadatafield>
              <fieldlabel>original_answer_ids</fieldlabel>
              <fieldentry />
            </qtimetadatafield>
            <qtimetadatafield>
              <fieldlabel>assessment_question_identifierref</fieldlabel>
              <fieldentry>gm3y2rh8dg7wpdaexoeovkvw3evi5sx</fieldentry>
            </qtimetadatafield>
          </qtimetadata>
        </itemmetadata>
        <presentation>
          <material>
            <mattext texttype="text/html">
Compute the radius of convergence of the following power series. Show all your work.
    \[
    f(x) = \sum_{n=0}^\infty n\left(1/2\right)^n \big(4x + 2\big)^n
    \]
&lt;br&gt;[For office use only: V2]</mattext>
          </material>
        </presentation>
        <resprocessing>
          <outcomes>
            <decvar maxvalue="100" minvalue="0" varname="SCORE" vartype="Decimal" />
          </outcomes>
        </resprocessing>
      </item>
    <item ident="g25a0affab57f395f9d3bf0a7625609" title="Question 3">
        <itemmetadata>
          <qtimetadata>
            <qtimetadatafield>
              <fieldlabel>question_type</fieldlabel>
              <fieldentry>file_upload_question</fieldentry>
            </qtimetadatafield>
            <qtimetadatafield>
              <fieldlabel>points_possible</fieldlabel>
              <fieldentry>3</fieldentry>
            </qtimetadatafield>
            <qtimetadatafield>
              <fieldlabel>original_answer_ids</fieldlabel>
              <fieldentry />
            </qtimetadatafield>
            <qtimetadatafield>
              <fieldlabel>assessment_question_identifierref</fieldlabel>
              <fieldentry>gt77bwdcjre4288c0ov8p4lhcxgeqp7</fieldentry>
            </qtimetadatafield>
          </qtimetadata>
        </itemmetadata>
        <presentation>
          <material>
            <mattext texttype="text/html">
Compute the radius of convergence of the following power series. Show all your work.
    \[
    f(x) = \sum_{n=0}^\infty n\left(1/2\right)^n \big(5x + 2\big)^n
    \]
&lt;br&gt;[For office use only: V3]</mattext>
          </material>
        </presentation>
        <resprocessing>
          <outcomes>
            <decvar maxvalue="100" minvalue="0" varname="SCORE" vartype="Decimal" />
          </outcomes>
        </resprocessing>
      </item>
    <item ident="gdb14ca863bc5bd4577314a192c91ae" title="Question 4">
        <itemmetadata>
          <qtimetadata>
            <qtimetadatafield>
              <fieldlabel>question_type</fieldlabel>
              <fieldentry>file_upload_question</fieldentry>
            </qtimetadatafield>
            <qtimetadatafield>
              <fieldlabel>points_possible</fieldlabel>
              <fieldentry>3</fieldentry>
            </qtimetadatafield>
            <qtimetadatafield>
              <fieldlabel>original_answer_ids</fieldlabel>
              <fieldentry />
            </qtimetadatafield>
            <qtimetadatafield>
              <fieldlabel>assessment_question_identifierref</fieldlabel>
              <fieldentry>gwqp71wslr7c3b24jkfnfzo1lmlvqx9</fieldentry>
            </qtimetadatafield>
          </qtimetadata>
        </itemmetadata>
        <presentation>
          <material>
            <mattext texttype="text/html">
Compute the radius of convergence of the following power series. Show all your work.
    \[
    f(x) = \sum_{n=0}^\infty n\left(1/3\right)^n \big(2x + 2\big)^n
    \]
&lt;br&gt;[For office use only: V4]</mattext>
          </material>
        </presentation>
        <resprocessing>
          <outcomes>
            <decvar maxvalue="100" minvalue="0" varname="SCORE" vartype="Decimal" />
          </outcomes>
        </resprocessing>
      </item>
    <item ident="gaabd0b08d29261176d8e8f374b0546" title="Question 5">
        <itemmetadata>
          <qtimetadata>
            <qtimetadatafield>
              <fieldlabel>question_type</fieldlabel>
              <fieldentry>file_upload_question</fieldentry>
            </qtimetadatafield>
            <qtimetadatafield>
              <fieldlabel>points_possible</fieldlabel>
              <fieldentry>3</fieldentry>
            </qtimetadatafield>
            <qtimetadatafield>
              <fieldlabel>original_answer_ids</fieldlabel>
              <fieldentry />
            </qtimetadatafield>
            <qtimetadatafield>
              <fieldlabel>assessment_question_identifierref</fieldlabel>
              <fieldentry>g2of89z8aac3zezd7mg992hf4jf0o40</fieldentry>
            </qtimetadatafield>
          </qtimetadata>
        </itemmetadata>
        <presentation>
          <material>
            <mattext texttype="text/html">
Compute the radius of convergence of the following power series. Show all your work.
    \[
    f(x) = \sum_{n=0}^\infty n\left(1/3\right)^n \big(4x + 2\big)^n
    \]
&lt;br&gt;[For office use only: V5]</mattext>
          </material>
        </presentation>
        <resprocessing>
          <outcomes>
            <decvar maxvalue="100" minvalue="0" varname="SCORE" vartype="Decimal" />
          </outcomes>
        </resprocessing>
      </item>
    <item ident="ga5c3f324bdf0dd9d0ec1289cfc6ff0" title="Question 6">
        <itemmetadata>
          <qtimetadata>
            <qtimetadatafield>
              <fieldlabel>question_type</fieldlabel>
              <fieldentry>file_upload_question</fieldentry>
            </qtimetadatafield>
            <qtimetadatafield>
              <fieldlabel>points_possible</fieldlabel>
              <fieldentry>3</fieldentry>
            </qtimetadatafield>
            <qtimetadatafield>
              <fieldlabel>original_answer_ids</fieldlabel>
              <fieldentry />
            </qtimetadatafield>
            <qtimetadatafield>
              <fieldlabel>assessment_question_identifierref</fieldlabel>
              <fieldentry>gtp3eballqjv8h5sl229yxwuxj1wzyd</fieldentry>
            </qtimetadatafield>
          </qtimetadata>
        </itemmetadata>
        <presentation>
          <material>
            <mattext texttype="text/html">
Compute the radius of convergence of the following power series. Show all your work.
    \[
    f(x) = \sum_{n=0}^\infty n\left(1/3\right)^n \big(5x + 2\big)^n
    \]
&lt;br&gt;[For office use only: V6]</mattext>
          </material>
        </presentation>
        <resprocessing>
          <outcomes>
            <decvar maxvalue="100" minvalue="0" varname="SCORE" vartype="Decimal" />
          </outcomes>
        </resprocessing>
      </item>
    <item ident="g5595b9b7fadbd2dcda7842eb306af4" title="Question 7">
        <itemmetadata>
          <qtimetadata>
            <qtimetadatafield>
              <fieldlabel>question_type</fieldlabel>
              <fieldentry>file_upload_question</fieldentry>
            </qtimetadatafield>
            <qtimetadatafield>
              <fieldlabel>points_possible</fieldlabel>
              <fieldentry>3</fieldentry>
            </qtimetadatafield>
            <qtimetadatafield>
              <fieldlabel>original_answer_ids</fieldlabel>
              <fieldentry />
            </qtimetadatafield>
            <qtimetadatafield>
              <fieldlabel>assessment_question_identifierref</fieldlabel>
              <fieldentry>gh52gcupezqvzifsbl56r4lgyw1ed7l</fieldentry>
            </qtimetadatafield>
          </qtimetadata>
        </itemmetadata>
        <presentation>
          <material>
            <mattext texttype="text/html">
Compute the radius of convergence of the following power series. Show all your work.
    \[
    f(x) = \sum_{n=0}^\infty n\left(1/4\right)^n \big(3x + 2\big)^n
    \]
&lt;br&gt;[For office use only: V7]</mattext>
          </material>
        </presentation>
        <resprocessing>
          <outcomes>
            <decvar maxvalue="100" minvalue="0" varname="SCORE" vartype="Decimal" />
          </outcomes>
        </resprocessing>
      </item>
    <item ident="gea2c1cc84407982a5d73679b59b5d0" title="Question 8">
        <itemmetadata>
          <qtimetadata>
            <qtimetadatafield>
              <fieldlabel>question_type</fieldlabel>
              <fieldentry>file_upload_question</fieldentry>
            </qtimetadatafield>
            <qtimetadatafield>
              <fieldlabel>points_possible</fieldlabel>
              <fieldentry>3</fieldentry>
            </qtimetadatafield>
            <qtimetadatafield>
              <fieldlabel>original_answer_ids</fieldlabel>
              <fieldentry />
            </qtimetadatafield>
            <qtimetadatafield>
              <fieldlabel>assessment_question_identifierref</fieldlabel>
              <fieldentry>gfetz1ohd5kpc1pqisn7x3cykem2qx7</fieldentry>
            </qtimetadatafield>
          </qtimetadata>
        </itemmetadata>
        <presentation>
          <material>
            <mattext texttype="text/html">
Compute the radius of convergence of the following power series. Show all your work.
    \[
    f(x) = \sum_{n=0}^\infty n\left(1/4\right)^n \big(5x + 2\big)^n
    \]
&lt;br&gt;[For office use only: V8]</mattext>
          </material>
        </presentation>
        <resprocessing>
          <outcomes>
            <decvar maxvalue="100" minvalue="0" varname="SCORE" vartype="Decimal" />
          </outcomes>
        </resprocessing>
      </item>
    <item ident="g0a00d9432a09e4b651fe51ea7d4c9c" title="Question 9">
        <itemmetadata>
          <qtimetadata>
            <qtimetadatafield>
              <fieldlabel>question_type</fieldlabel>
              <fieldentry>file_upload_question</fieldentry>
            </qtimetadatafield>
            <qtimetadatafield>
              <fieldlabel>points_possible</fieldlabel>
              <fieldentry>3</fieldentry>
            </qtimetadatafield>
            <qtimetadatafield>
              <fieldlabel>original_answer_ids</fieldlabel>
              <fieldentry />
            </qtimetadatafield>
            <qtimetadatafield>
              <fieldlabel>assessment_question_identifierref</fieldlabel>
              <fieldentry>gizzp3fwa25rx2f90zdxrx7x5ym2kyz</fieldentry>
            </qtimetadatafield>
          </qtimetadata>
        </itemmetadata>
        <presentation>
          <material>
            <mattext texttype="text/html">
Compute the radius of convergence of the following power series. Show all your work.
    \[
    f(x) = \sum_{n=0}^\infty n\left(1/5\right)^n \big(2x + 2\big)^n
    \]
&lt;br&gt;[For office use only: V9]</mattext>
          </material>
        </presentation>
        <resprocessing>
          <outcomes>
            <decvar maxvalue="100" minvalue="0" varname="SCORE" vartype="Decimal" />
          </outcomes>
        </resprocessing>
      </item>
    <item ident="g7b1fff3a0a576ad1b0016c1b39acd4" title="Question 10">
        <itemmetadata>
          <qtimetadata>
            <qtimetadatafield>
              <fieldlabel>question_type</fieldlabel>
              <fieldentry>file_upload_question</fieldentry>
            </qtimetadatafield>
            <qtimetadatafield>
              <fieldlabel>points_possible</fieldlabel>
              <fieldentry>3</fieldentry>
            </qtimetadatafield>
            <qtimetadatafield>
              <fieldlabel>original_answer_ids</fieldlabel>
              <fieldentry />
            </qtimetadatafield>
            <qtimetadatafield>
              <fieldlabel>assessment_question_identifierref</fieldlabel>
              <fieldentry>g1unth9hc2tehw841ce8x9gf795gzv4</fieldentry>
            </qtimetadatafield>
          </qtimetadata>
        </itemmetadata>
        <presentation>
          <material>
            <mattext texttype="text/html">
Compute the radius of convergence of the following power series. Show all your work.
    \[
    f(x) = \sum_{n=0}^\infty n\left(1/5\right)^n \big(3x + 2\big)^n
    \]
&lt;br&gt;[For office use only: V10]</mattext>
          </material>
        </presentation>
        <resprocessing>
          <outcomes>
            <decvar maxvalue="100" minvalue="0" varname="SCORE" vartype="Decimal" />
          </outcomes>
        </resprocessing>
      </item>
    <item ident="g8296563fabe0fe62027ede707b929f" title="Question 11">
        <itemmetadata>
          <qtimetadata>
            <qtimetadatafield>
              <fieldlabel>question_type</fieldlabel>
              <fieldentry>file_upload_question</fieldentry>
            </qtimetadatafield>
            <qtimetadatafield>
              <fieldlabel>points_possible</fieldlabel>
              <fieldentry>3</fieldentry>
            </qtimetadatafield>
            <qtimetadatafield>
              <fieldlabel>original_answer_ids</fieldlabel>
              <fieldentry />
            </qtimetadatafield>
            <qtimetadatafield>
              <fieldlabel>assessment_question_identifierref</fieldlabel>
              <fieldentry>gbof9b52mqvvkung26pcf97u7c6k2x1</fieldentry>
            </qtimetadatafield>
          </qtimetadata>
        </itemmetadata>
        <presentation>
          <material>
            <mattext texttype="text/html">
Compute the radius of convergence of the following power series. Show all your work.
    \[
    f(x) = \sum_{n=0}^\infty n\left(1/5\right)^n \big(4x + 2\big)^n
    \]
&lt;br&gt;[For office use only: V11]</mattext>
          </material>
        </presentation>
        <resprocessing>
          <outcomes>
            <decvar maxvalue="100" minvalue="0" varname="SCORE" vartype="Decimal" />
          </outcomes>
        </resprocessing>
      </item>
    </section>
  </assessment>
</questestinterop>