<manifest xmlns="http://www.imsglobal.org/xsd/imsccv1p1/imscp_v1p1" xmlns:imsmd="http://www.imsglobal.org/xsd/imsmd_v1p2" xmlns:xsi="http://www.w3.org/2001/XMLSchema-instance" identifier="g5cfd1114e1918b02ccdb0d2a1f8f03c8" xsi:schemaLocation="http://www.imsglobal.org/xsd/imsccv1p1/imscp_v1p1 http://www.imsglobal.org/xsd/imscp_v1p1.xsd http://ltsc.ieee.org/xsd/imsccv1p1/LOM/resource http://www.imsglobal.org/profile/cc/ccv1p1/LOM/ccv1p1_lomresource_v1p0.xsd http://www.imsglobal.org/xsd/imsmd_v1p2 http://www.imsglobal.org/xsd/imsmd_v1p2p2.xsd">
  <metadata>
    <schema>IMS Content</schema>
    <schemaversion>1.1.3</schemaversion>
    <imsmd:lom>
      <imsmd:general>
        <imsmd:title>
          <imsmd:string>QTI Quiz Export for course "Florian Breuer's Sandbox Course"</imsmd:string>
        </imsmd:title>
      </imsmd:general>
      <imsmd:lifeCycle>
        <imsmd:contribute>
          <imsmd:date>
            <imsmd:dateTime>2021-10-13</imsmd:dateTime>
          </imsmd:date>
        </imsmd:contribute>
      </imsmd:lifeCycle>
      <imsmd:rights>
        <imsmd:copyrightAndOtherRestrictions>
          <imsmd:value>yes</imsmd:value>
        </imsmd:copyrightAndOtherRestrictions>
        <imsmd:description>
          <imsmd:string>Private (Copyrighted) - http://en.wikipedia.org/wiki/Copyright</imsmd:string>
        </imsmd:description>
      </imsmd:rights>
    </imsmd:lom>
  </metadata>
  <organizations />
  <resources>
    <resource identifier="gf7931a8c82f2e5c0aa2f4603b639db" type="imsqti_xmlv1p2">
      <file href="gf7931a8c82f2e5c0aa2f4603b639db/gf7931a8c82f2e5c0aa2f4603b639db.xml" />
    </resource>
    <resource href="Uploaded Media/ContourPlot(-1, -1)_(-1, -1).png" identifier="g35c37669ede6eeb9d04bf6fa191fb4" type="webcontent">
      <file href="Uploaded Media/ContourPlot(-1, -1)_(-1, -1).png" />
    </resource>
    <resource href="Uploaded Media/ContourPlot(-1, -1)_(-1, 2).png" identifier="g09fc260aec34791fbf0bbf2251cde4" type="webcontent">
      <file href="Uploaded Media/ContourPlot(-1, -1)_(-1, 2).png" />
    </resource>
    <resource href="Uploaded Media/ContourPlot(-1, -1)_(2, -1).png" identifier="gfab8fc85a4ead31c249f61af670e0a" type="webcontent">
      <file href="Uploaded Media/ContourPlot(-1, -1)_(2, -1).png" />
    </resource>
    <resource href="Uploaded Media/ContourPlot(-1, -1)_(2, 2).png" identifier="gc41181b8daa6f8b090487dda5d550a" type="webcontent">
      <file href="Uploaded Media/ContourPlot(-1, -1)_(2, 2).png" />
    </resource>
    <resource href="Uploaded Media/ContourPlot(-1, 1)_(-1, -1).png" identifier="g803305a0fa9585f9d590dfcc8987c7" type="webcontent">
      <file href="Uploaded Media/ContourPlot(-1, 1)_(-1, -1).png" />
    </resource>
    <resource href="Uploaded Media/ContourPlot(-1, 1)_(-1, 2).png" identifier="g2febce85e6af1b64ccc2d54c751a80" type="webcontent">
      <file href="Uploaded Media/ContourPlot(-1, 1)_(-1, 2).png" />
    </resource>
    <resource href="Uploaded Media/ContourPlot(-1, 1)_(2, -1).png" identifier="g445e291649cf54b69b5f3fce523e46" type="webcontent">
      <file href="Uploaded Media/ContourPlot(-1, 1)_(2, -1).png" />
    </resource>
    <resource href="Uploaded Media/ContourPlot(-1, 1)_(2, 2).png" identifier="g4f3843ca9a00d6110f5b08387c17c7" type="webcontent">
      <file href="Uploaded Media/ContourPlot(-1, 1)_(2, 2).png" />
    </resource>
    <resource href="Uploaded Media/ContourPlot(1, -1)_(-1, -1).png" identifier="ga2e49fd9f63a4de49cfc37e48bd97c" type="webcontent">
      <file href="Uploaded Media/ContourPlot(1, -1)_(-1, -1).png" />
    </resource>
    <resource href="Uploaded Media/ContourPlot(1, -1)_(-1, 2).png" identifier="g97b9eb524a614764eb20d5965cf0f7" type="webcontent">
      <file href="Uploaded Media/ContourPlot(1, -1)_(-1, 2).png" />
    </resource>
    <resource href="Uploaded Media/ContourPlot(1, -1)_(2, -1).png" identifier="g631059acdcd8da3b6425a644c00da3" type="webcontent">
      <file href="Uploaded Media/ContourPlot(1, -1)_(2, -1).png" />
    </resource>
    <resource href="Uploaded Media/ContourPlot(1, -1)_(2, 2).png" identifier="g0436392936c99c0bf36a7471f2687d" type="webcontent">
      <file href="Uploaded Media/ContourPlot(1, -1)_(2, 2).png" />
    </resource>
    <resource href="Uploaded Media/ContourPlot(1, 1)_(-1, -1).png" identifier="g69c494d587ff8c18408bf75e756ea4" type="webcontent">
      <file href="Uploaded Media/ContourPlot(1, 1)_(-1, -1).png" />
    </resource>
    <resource href="Uploaded Media/ContourPlot(1, 1)_(-1, 2).png" identifier="g4ad552d52542ea63c3ad7da4cc0917" type="webcontent">
      <file href="Uploaded Media/ContourPlot(1, 1)_(-1, 2).png" />
    </resource>
    <resource href="Uploaded Media/ContourPlot(1, 1)_(2, -1).png" identifier="g664910139929f5fccd3cd72955e95a" type="webcontent">
      <file href="Uploaded Media/ContourPlot(1, 1)_(2, -1).png" />
    </resource>
    <resource href="Uploaded Media/ContourPlot(1, 1)_(2, 2).png" identifier="g6b579440b4639fc4bdf0bc0248069c" type="webcontent">
      <file href="Uploaded Media/ContourPlot(1, 1)_(2, 2).png" />
    </resource>
    </resources>
</manifest>