<manifest xmlns="http://www.imsglobal.org/xsd/imsccv1p1/imscp_v1p1" xmlns:imsmd="http://www.imsglobal.org/xsd/imsmd_v1p2" xmlns:xsi="http://www.w3.org/2001/XMLSchema-instance" identifier="g5cfd1114e1918b02ccdb0d2a1f8f03c8" xsi:schemaLocation="http://www.imsglobal.org/xsd/imsccv1p1/imscp_v1p1 http://www.imsglobal.org/xsd/imscp_v1p1.xsd http://ltsc.ieee.org/xsd/imsccv1p1/LOM/resource http://www.imsglobal.org/profile/cc/ccv1p1/LOM/ccv1p1_lomresource_v1p0.xsd http://www.imsglobal.org/xsd/imsmd_v1p2 http://www.imsglobal.org/xsd/imsmd_v1p2p2.xsd">
  <metadata>
    <schema>IMS Content</schema>
    <schemaversion>1.1.3</schemaversion>
    <imsmd:lom>
      <imsmd:general>
        <imsmd:title>
          <imsmd:string>QTI Quiz Export for course "Florian Breuer's Sandbox Course"</imsmd:string>
        </imsmd:title>
      </imsmd:general>
      <imsmd:lifeCycle>
        <imsmd:contribute>
          <imsmd:date>
            <imsmd:dateTime>2021-10-13</imsmd:dateTime>
          </imsmd:date>
        </imsmd:contribute>
      </imsmd:lifeCycle>
      <imsmd:rights>
        <imsmd:copyrightAndOtherRestrictions>
          <imsmd:value>yes</imsmd:value>
        </imsmd:copyrightAndOtherRestrictions>
        <imsmd:description>
          <imsmd:string>Private (Copyrighted) - http://en.wikipedia.org/wiki/Copyright</imsmd:string>
        </imsmd:description>
      </imsmd:rights>
    </imsmd:lom>
  </metadata>
  <organizations />
  <resources>
    <resource identifier="g23a522584ee8fa63e6f8820ee6136d" type="imsqti_xmlv1p2">
      <file href="g23a522584ee8fa63e6f8820ee6136d/g23a522584ee8fa63e6f8820ee6136d.xml" />
    </resource>
    <resource identifier="gf1e60c6039155126bf2b64ba7c14c5" type="webcontent" href="Uploaded Media/ContourPlot(-1, -1)_(-1, -1).png">
      <file href="Uploaded Media/ContourPlot(-1, -1)_(-1, -1).png" />
    </resource>
    <resource identifier="g8bab2362b9aecdfdf927da4ccf5f31" type="webcontent" href="Uploaded Media/ContourPlot(-1, -1)_(-1, 2).png">
      <file href="Uploaded Media/ContourPlot(-1, -1)_(-1, 2).png" />
    </resource>
    <resource identifier="gd2b1fe3e823157f15cbf6364dd2d14" type="webcontent" href="Uploaded Media/ContourPlot(-1, -1)_(2, -1).png">
      <file href="Uploaded Media/ContourPlot(-1, -1)_(2, -1).png" />
    </resource>
    <resource identifier="g3f8ae9831ce7c2152d1879c3222d8d" type="webcontent" href="Uploaded Media/ContourPlot(-1, -1)_(2, 2).png">
      <file href="Uploaded Media/ContourPlot(-1, -1)_(2, 2).png" />
    </resource>
    <resource identifier="gc3af7e8323259abf9a23d8c5170015" type="webcontent" href="Uploaded Media/ContourPlot(-1, 1)_(-1, -1).png">
      <file href="Uploaded Media/ContourPlot(-1, 1)_(-1, -1).png" />
    </resource>
    <resource identifier="g9aa8e33eafa0b63af2b8a656c3bca4" type="webcontent" href="Uploaded Media/ContourPlot(-1, 1)_(-1, 2).png">
      <file href="Uploaded Media/ContourPlot(-1, 1)_(-1, 2).png" />
    </resource>
    <resource identifier="ga0b68d4fdb5b2975e46a2e420d2856" type="webcontent" href="Uploaded Media/ContourPlot(-1, 1)_(2, -1).png">
      <file href="Uploaded Media/ContourPlot(-1, 1)_(2, -1).png" />
    </resource>
    <resource identifier="g3fb8e5274c34cada22ef833c2e652c" type="webcontent" href="Uploaded Media/ContourPlot(-1, 1)_(2, 2).png">
      <file href="Uploaded Media/ContourPlot(-1, 1)_(2, 2).png" />
    </resource>
    <resource identifier="g616ae2d2f203e171a5929a1f586c1f" type="webcontent" href="Uploaded Media/ContourPlot(1, -1)_(-1, -1).png">
      <file href="Uploaded Media/ContourPlot(1, -1)_(-1, -1).png" />
    </resource>
    <resource identifier="g7a0b9bb4c45c9ff9c88c2dbce0e9d2" type="webcontent" href="Uploaded Media/ContourPlot(1, -1)_(-1, 2).png">
      <file href="Uploaded Media/ContourPlot(1, -1)_(-1, 2).png" />
    </resource>
    <resource identifier="g23f75b09532c39d427c29a8777c8f3" type="webcontent" href="Uploaded Media/ContourPlot(1, -1)_(2, -1).png">
      <file href="Uploaded Media/ContourPlot(1, -1)_(2, -1).png" />
    </resource>
    <resource identifier="gfcba61227041b4efc61b90d61d7629" type="webcontent" href="Uploaded Media/ContourPlot(1, -1)_(2, 2).png">
      <file href="Uploaded Media/ContourPlot(1, -1)_(2, 2).png" />
    </resource>
    <resource identifier="gfe4a459141f6d755b98d8d08a8bfe6" type="webcontent" href="Uploaded Media/ContourPlot(1, 1)_(-1, -1).png">
      <file href="Uploaded Media/ContourPlot(1, 1)_(-1, -1).png" />
    </resource>
    <resource identifier="g49cd62154f2146b68435d89460fbbf" type="webcontent" href="Uploaded Media/ContourPlot(1, 1)_(-1, 2).png">
      <file href="Uploaded Media/ContourPlot(1, 1)_(-1, 2).png" />
    </resource>
    <resource identifier="g3e24cecb8f542893b53b1474154089" type="webcontent" href="Uploaded Media/ContourPlot(1, 1)_(2, -1).png">
      <file href="Uploaded Media/ContourPlot(1, 1)_(2, -1).png" />
    </resource>
    <resource identifier="g144dec8e843540f2ab44ad63892586" type="webcontent" href="Uploaded Media/ContourPlot(1, 1)_(2, 2).png">
      <file href="Uploaded Media/ContourPlot(1, 1)_(2, 2).png" />
    </resource>
    </resources>
</manifest>