<manifest xmlns="http://www.imsglobal.org/xsd/imsccv1p1/imscp_v1p1" xmlns:imsmd="http://www.imsglobal.org/xsd/imsmd_v1p2" xmlns:xsi="http://www.w3.org/2001/XMLSchema-instance" identifier="g5cfd1114e1918b02ccdb0d2a1f8f03c8" xsi:schemaLocation="http://www.imsglobal.org/xsd/imsccv1p1/imscp_v1p1 http://www.imsglobal.org/xsd/imscp_v1p1.xsd http://ltsc.ieee.org/xsd/imsccv1p1/LOM/resource http://www.imsglobal.org/profile/cc/ccv1p1/LOM/ccv1p1_lomresource_v1p0.xsd http://www.imsglobal.org/xsd/imsmd_v1p2 http://www.imsglobal.org/xsd/imsmd_v1p2p2.xsd">
  <metadata>
    <schema>IMS Content</schema>
    <schemaversion>1.1.3</schemaversion>
    <imsmd:lom>
      <imsmd:general>
        <imsmd:title>
          <imsmd:string>QTI Quiz Export for course "Florian Breuer's Sandbox Course"</imsmd:string>
        </imsmd:title>
      </imsmd:general>
      <imsmd:lifeCycle>
        <imsmd:contribute>
          <imsmd:date>
            <imsmd:dateTime>2021-10-13</imsmd:dateTime>
          </imsmd:date>
        </imsmd:contribute>
      </imsmd:lifeCycle>
      <imsmd:rights>
        <imsmd:copyrightAndOtherRestrictions>
          <imsmd:value>yes</imsmd:value>
        </imsmd:copyrightAndOtherRestrictions>
        <imsmd:description>
          <imsmd:string>Private (Copyrighted) - http://en.wikipedia.org/wiki/Copyright</imsmd:string>
        </imsmd:description>
      </imsmd:rights>
    </imsmd:lom>
  </metadata>
  <organizations />
  <resources>
    <resource identifier="gc6b653f7d9e4bd8077c5d9b2f7d5b5" type="imsqti_xmlv1p2">
      <file href="gc6b653f7d9e4bd8077c5d9b2f7d5b5/gc6b653f7d9e4bd8077c5d9b2f7d5b5.xml" />
    </resource>
    <resource href="Uploaded Media/ContourPlot(-1, -1)_(-1, -1).png" identifier="g9bffd5bfb777734cae0c09184d840f" type="webcontent">
      <file href="Uploaded Media/ContourPlot(-1, -1)_(-1, -1).png" />
    </resource>
    <resource href="Uploaded Media/ContourPlot(-1, -1)_(-1, 2).png" identifier="gf2362620f1e29e0dcdccd6f624d298" type="webcontent">
      <file href="Uploaded Media/ContourPlot(-1, -1)_(-1, 2).png" />
    </resource>
    <resource href="Uploaded Media/ContourPlot(-1, -1)_(2, -1).png" identifier="g75398128895250b85d65c952b8329f" type="webcontent">
      <file href="Uploaded Media/ContourPlot(-1, -1)_(2, -1).png" />
    </resource>
    <resource href="Uploaded Media/ContourPlot(-1, -1)_(2, 2).png" identifier="g3dfd4aa42563703c74de10fba48b40" type="webcontent">
      <file href="Uploaded Media/ContourPlot(-1, -1)_(2, 2).png" />
    </resource>
    <resource href="Uploaded Media/ContourPlot(-1, 1)_(-1, -1).png" identifier="g6ed70646c90ee8a3dba3ea4f3c28a0" type="webcontent">
      <file href="Uploaded Media/ContourPlot(-1, 1)_(-1, -1).png" />
    </resource>
    <resource href="Uploaded Media/ContourPlot(-1, 1)_(-1, 2).png" identifier="gfa3fe704b4953970f5ed1263043c9b" type="webcontent">
      <file href="Uploaded Media/ContourPlot(-1, 1)_(-1, 2).png" />
    </resource>
    <resource href="Uploaded Media/ContourPlot(-1, 1)_(2, -1).png" identifier="g7926791b6b9986bd910cbd72f8860f" type="webcontent">
      <file href="Uploaded Media/ContourPlot(-1, 1)_(2, -1).png" />
    </resource>
    <resource href="Uploaded Media/ContourPlot(-1, 1)_(2, 2).png" identifier="g628a04ffa041f8a2eb7bcea217ed32" type="webcontent">
      <file href="Uploaded Media/ContourPlot(-1, 1)_(2, 2).png" />
    </resource>
    <resource href="Uploaded Media/ContourPlot(1, -1)_(-1, -1).png" identifier="g12f7853cc25bac67977d8d7562effc" type="webcontent">
      <file href="Uploaded Media/ContourPlot(1, -1)_(-1, -1).png" />
    </resource>
    <resource href="Uploaded Media/ContourPlot(1, -1)_(-1, 2).png" identifier="gace31fe05b7c017a8207c4b3976d5d" type="webcontent">
      <file href="Uploaded Media/ContourPlot(1, -1)_(-1, 2).png" />
    </resource>
    <resource href="Uploaded Media/ContourPlot(1, -1)_(2, -1).png" identifier="g526480e23db713083932824e377d5f" type="webcontent">
      <file href="Uploaded Media/ContourPlot(1, -1)_(2, -1).png" />
    </resource>
    <resource href="Uploaded Media/ContourPlot(1, -1)_(2, 2).png" identifier="gecd51897c5a0cdcca70f780da6176a" type="webcontent">
      <file href="Uploaded Media/ContourPlot(1, -1)_(2, 2).png" />
    </resource>
    <resource href="Uploaded Media/ContourPlot(1, 1)_(-1, -1).png" identifier="gde04d07138299e0d8dfbcbbd8c9657" type="webcontent">
      <file href="Uploaded Media/ContourPlot(1, 1)_(-1, -1).png" />
    </resource>
    <resource href="Uploaded Media/ContourPlot(1, 1)_(-1, 2).png" identifier="gbae274b928fefb4705d7147e9552c9" type="webcontent">
      <file href="Uploaded Media/ContourPlot(1, 1)_(-1, 2).png" />
    </resource>
    <resource href="Uploaded Media/ContourPlot(1, 1)_(2, -1).png" identifier="g1fe8cd42ce96dcabeafd0add39f602" type="webcontent">
      <file href="Uploaded Media/ContourPlot(1, 1)_(2, -1).png" />
    </resource>
    <resource href="Uploaded Media/ContourPlot(1, 1)_(2, 2).png" identifier="gcacd5cb99018e218defcdae479fb42" type="webcontent">
      <file href="Uploaded Media/ContourPlot(1, 1)_(2, 2).png" />
    </resource>
    </resources>
</manifest>