<manifest xmlns="http://www.imsglobal.org/xsd/imsccv1p1/imscp_v1p1" xmlns:imsmd="http://www.imsglobal.org/xsd/imsmd_v1p2" xmlns:xsi="http://www.w3.org/2001/XMLSchema-instance" identifier="g5cfd1114e1918b02ccdb0d2a1f8f03c8" xsi:schemaLocation="http://www.imsglobal.org/xsd/imsccv1p1/imscp_v1p1 http://www.imsglobal.org/xsd/imscp_v1p1.xsd http://ltsc.ieee.org/xsd/imsccv1p1/LOM/resource http://www.imsglobal.org/profile/cc/ccv1p1/LOM/ccv1p1_lomresource_v1p0.xsd http://www.imsglobal.org/xsd/imsmd_v1p2 http://www.imsglobal.org/xsd/imsmd_v1p2p2.xsd">
  <metadata>
    <schema>IMS Content</schema>
    <schemaversion>1.1.3</schemaversion>
    <imsmd:lom>
      <imsmd:general>
        <imsmd:title>
          <imsmd:string>QTI Quiz Export for course "Florian Breuer's Sandbox Course"</imsmd:string>
        </imsmd:title>
      </imsmd:general>
      <imsmd:lifeCycle>
        <imsmd:contribute>
          <imsmd:date>
            <imsmd:dateTime>2021-10-13</imsmd:dateTime>
          </imsmd:date>
        </imsmd:contribute>
      </imsmd:lifeCycle>
      <imsmd:rights>
        <imsmd:copyrightAndOtherRestrictions>
          <imsmd:value>yes</imsmd:value>
        </imsmd:copyrightAndOtherRestrictions>
        <imsmd:description>
          <imsmd:string>Private (Copyrighted) - http://en.wikipedia.org/wiki/Copyright</imsmd:string>
        </imsmd:description>
      </imsmd:rights>
    </imsmd:lom>
  </metadata>
  <organizations />
  <resources>
    <resource identifier="g75f3fe947251c299369c29b947bfbf" type="imsqti_xmlv1p2">
      <file href="g75f3fe947251c299369c29b947bfbf/g75f3fe947251c299369c29b947bfbf.xml" />
    </resource>
    <resource identifier="g092caa64a0ca7095a94a9af3d59555" type="webcontent" href="Uploaded Media/ContourPlot(-1, -1)_(-1, -1).png">
      <file href="Uploaded Media/ContourPlot(-1, -1)_(-1, -1).png" />
    </resource>
    <resource identifier="ge41ef93d078733f9b0af1639c29a00" type="webcontent" href="Uploaded Media/ContourPlot(-1, -1)_(-1, 2).png">
      <file href="Uploaded Media/ContourPlot(-1, -1)_(-1, 2).png" />
    </resource>
    <resource identifier="ge3d48f0a895f3e8642e05f88829796" type="webcontent" href="Uploaded Media/ContourPlot(-1, -1)_(2, -1).png">
      <file href="Uploaded Media/ContourPlot(-1, -1)_(2, -1).png" />
    </resource>
    <resource identifier="g53d0943c62c6d7ce8904fdeca6b895" type="webcontent" href="Uploaded Media/ContourPlot(-1, -1)_(2, 2).png">
      <file href="Uploaded Media/ContourPlot(-1, -1)_(2, 2).png" />
    </resource>
    <resource identifier="g3d103dd037b332c0d7d47aac994b63" type="webcontent" href="Uploaded Media/ContourPlot(-1, 1)_(-1, -1).png">
      <file href="Uploaded Media/ContourPlot(-1, 1)_(-1, -1).png" />
    </resource>
    <resource identifier="gd555e428992f6e0e10858e05f8028c" type="webcontent" href="Uploaded Media/ContourPlot(-1, 1)_(-1, 2).png">
      <file href="Uploaded Media/ContourPlot(-1, 1)_(-1, 2).png" />
    </resource>
    <resource identifier="g68745ae4f0eeb920566a17ef5ae360" type="webcontent" href="Uploaded Media/ContourPlot(-1, 1)_(2, -1).png">
      <file href="Uploaded Media/ContourPlot(-1, 1)_(2, -1).png" />
    </resource>
    <resource identifier="gccdd109034a175a89b7c7f57855f9d" type="webcontent" href="Uploaded Media/ContourPlot(-1, 1)_(2, 2).png">
      <file href="Uploaded Media/ContourPlot(-1, 1)_(2, 2).png" />
    </resource>
    <resource identifier="gad7612f20719a6134c1ed017c57c88" type="webcontent" href="Uploaded Media/ContourPlot(1, -1)_(-1, -1).png">
      <file href="Uploaded Media/ContourPlot(1, -1)_(-1, -1).png" />
    </resource>
    <resource identifier="gdddea08f94a85100c2657e48235a14" type="webcontent" href="Uploaded Media/ContourPlot(1, -1)_(-1, 2).png">
      <file href="Uploaded Media/ContourPlot(1, -1)_(-1, 2).png" />
    </resource>
    <resource identifier="g14429c20f7b9753e77ee9b6e6c1eb5" type="webcontent" href="Uploaded Media/ContourPlot(1, -1)_(2, -1).png">
      <file href="Uploaded Media/ContourPlot(1, -1)_(2, -1).png" />
    </resource>
    <resource identifier="gd693bc54706b50d0f1eaa9131eb801" type="webcontent" href="Uploaded Media/ContourPlot(1, -1)_(2, 2).png">
      <file href="Uploaded Media/ContourPlot(1, -1)_(2, 2).png" />
    </resource>
    <resource identifier="g84f35ac74e43f68df1053e32a9990b" type="webcontent" href="Uploaded Media/ContourPlot(1, 1)_(-1, -1).png">
      <file href="Uploaded Media/ContourPlot(1, 1)_(-1, -1).png" />
    </resource>
    <resource identifier="gc668708145afed6821ff1a48ed2793" type="webcontent" href="Uploaded Media/ContourPlot(1, 1)_(-1, 2).png">
      <file href="Uploaded Media/ContourPlot(1, 1)_(-1, 2).png" />
    </resource>
    <resource identifier="g39ecf65d535e647327c6b31f4a114e" type="webcontent" href="Uploaded Media/ContourPlot(1, 1)_(2, -1).png">
      <file href="Uploaded Media/ContourPlot(1, 1)_(2, -1).png" />
    </resource>
    <resource identifier="gc9938d869360fad4c88f91b5faf752" type="webcontent" href="Uploaded Media/ContourPlot(1, 1)_(2, 2).png">
      <file href="Uploaded Media/ContourPlot(1, 1)_(2, 2).png" />
    </resource>
    </resources>
</manifest>