<?xml version='1.0' encoding='UTF-8'?>
<questestinterop xmlns="http://www.imsglobal.org/xsd/ims_qtiasiv1p2" xmlns:xsi="http://www.w3.org/2001/XMLSchema-instance" xsi:schemaLocation="http://www.imsglobal.org/xsd/ims_qtiasiv1p2 http://www.imsglobal.org/xsd/ims_qtiasiv1p2p1.xsd">
  <assessment ident="gf7931a8c82f2e5c0aa2f4603b639db" title="Squid-made question pool">
    <qtimetadata>
      <qtimetadatafield>
        <fieldlabel>cc_maxattempts</fieldlabel>
        <fieldentry>1</fieldentry>
      </qtimetadatafield>
    </qtimetadata>
    <section ident="root_section">
      <item ident="g122ac4849b8457226d85e76a6b3a28" title="Question 1">
        <itemmetadata>
          <qtimetadata>
            <qtimetadatafield>
              <fieldlabel>question_type</fieldlabel>
              <fieldentry>multiple_choice_question</fieldentry>
            </qtimetadatafield>
            <qtimetadatafield>
              <fieldlabel>points_possible</fieldlabel>
              <fieldentry>1</fieldentry>
            </qtimetadatafield>
            <qtimetadatafield>
              <fieldlabel>original_answer_ids</fieldlabel>
              <fieldentry>9842,6347,5740,6514,5892</fieldentry>
            </qtimetadatafield>
            <qtimetadatafield>
              <fieldlabel>assessment_question_identifierref</fieldlabel>
              <fieldentry>gfxqqa2lxvq19tlw37v9h8t4bm77r7g</fieldentry>
            </qtimetadatafield>
          </qtimetadata>
        </itemmetadata>
        <presentation>
          <material>
            <mattext texttype="text/html">&lt;img src="$IMS-CC-FILEBASE$/Uploaded%20Media/ContourPlot(-1, -1)_(-1, -1).png" width="50%"&gt;&lt;br&gt;
            Classify the critical point at \(P = (-1, -1)\) of the function \(f(x,y)\) whose 
            contour plot is shown above.</mattext>
          </material>
          <response_lid ident="response1" rcardinality="Single">
            <render_choice>
              <response_label ident="9842">
                <material>
                  <mattext texttype="text/plain">Local maximum</mattext>
                </material>
              </response_label>
              <response_label ident="6347">
                <material>
                  <mattext texttype="text/plain">Saddle point</mattext>
                </material>
              </response_label>
              <response_label ident="5740">
                <material>
                  <mattext texttype="text/plain">Local minimum</mattext>
                </material>
              </response_label>
              <response_label ident="6514">
                <material>
                  <mattext texttype="text/plain">Inflection point</mattext>
                </material>
              </response_label>
              <response_label ident="5892">
                <material>
                  <mattext texttype="text/plain">None of the others</mattext>
                </material>
              </response_label>
              </render_choice>
          </response_lid>
        </presentation>
        <resprocessing>
          <outcomes>
            <decvar maxvalue="100" minvalue="0" varname="SCORE" vartype="Decimal" />
          </outcomes>
          <respcondition continue="No">
            <conditionvar>
              <varequal respident="response1">9842</varequal>
            </conditionvar>
            <setvar action="Set" varname="SCORE">100</setvar>
          </respcondition>
        </resprocessing>
      </item>
      <item ident="g7d7b5999634b9f35184aeb1ee532c4" title="Question 2">
        <itemmetadata>
          <qtimetadata>
            <qtimetadatafield>
              <fieldlabel>question_type</fieldlabel>
              <fieldentry>multiple_choice_question</fieldentry>
            </qtimetadatafield>
            <qtimetadatafield>
              <fieldlabel>points_possible</fieldlabel>
              <fieldentry>1</fieldentry>
            </qtimetadatafield>
            <qtimetadatafield>
              <fieldlabel>original_answer_ids</fieldlabel>
              <fieldentry>3343,3456,3894,9769,3605</fieldentry>
            </qtimetadatafield>
            <qtimetadatafield>
              <fieldlabel>assessment_question_identifierref</fieldlabel>
              <fieldentry>g8l7c288kldjiwg0obh8sbystbe4d25</fieldentry>
            </qtimetadatafield>
          </qtimetadata>
        </itemmetadata>
        <presentation>
          <material>
            <mattext texttype="text/html">&lt;img src="$IMS-CC-FILEBASE$/Uploaded%20Media/ContourPlot(-1, 1)_(-1, -1).png" width="50%"&gt;&lt;br&gt;
            Classify the critical point at \(P = (-1, -1)\) of the function \(f(x,y)\) whose 
            contour plot is shown above.</mattext>
          </material>
          <response_lid ident="response1" rcardinality="Single">
            <render_choice>
              <response_label ident="3456">
                <material>
                  <mattext texttype="text/plain">Local maximum</mattext>
                </material>
              </response_label>
              <response_label ident="3894">
                <material>
                  <mattext texttype="text/plain">Local minimum</mattext>
                </material>
              </response_label>
              <response_label ident="3343">
                <material>
                  <mattext texttype="text/plain">Saddle point</mattext>
                </material>
              </response_label>
              <response_label ident="9769">
                <material>
                  <mattext texttype="text/plain">Inflection point</mattext>
                </material>
              </response_label>
              <response_label ident="3605">
                <material>
                  <mattext texttype="text/plain">None of the others</mattext>
                </material>
              </response_label>
              </render_choice>
          </response_lid>
        </presentation>
        <resprocessing>
          <outcomes>
            <decvar maxvalue="100" minvalue="0" varname="SCORE" vartype="Decimal" />
          </outcomes>
          <respcondition continue="No">
            <conditionvar>
              <varequal respident="response1">3343</varequal>
            </conditionvar>
            <setvar action="Set" varname="SCORE">100</setvar>
          </respcondition>
        </resprocessing>
      </item>
      <item ident="g9530eb120b4e2c6b936848a8557761" title="Question 3">
        <itemmetadata>
          <qtimetadata>
            <qtimetadatafield>
              <fieldlabel>question_type</fieldlabel>
              <fieldentry>multiple_choice_question</fieldentry>
            </qtimetadatafield>
            <qtimetadatafield>
              <fieldlabel>points_possible</fieldlabel>
              <fieldentry>1</fieldentry>
            </qtimetadatafield>
            <qtimetadatafield>
              <fieldlabel>original_answer_ids</fieldlabel>
              <fieldentry>8584,8077,8912,2031,7158</fieldentry>
            </qtimetadatafield>
            <qtimetadatafield>
              <fieldlabel>assessment_question_identifierref</fieldlabel>
              <fieldentry>gi8lqyktaukm0oofhi925ghd9u6umfp</fieldentry>
            </qtimetadatafield>
          </qtimetadata>
        </itemmetadata>
        <presentation>
          <material>
            <mattext texttype="text/html">&lt;img src="$IMS-CC-FILEBASE$/Uploaded%20Media/ContourPlot(1, -1)_(-1, -1).png" width="50%"&gt;&lt;br&gt;
            Classify the critical point at \(P = (-1, -1)\) of the function \(f(x,y)\) whose 
            contour plot is shown above.</mattext>
          </material>
          <response_lid ident="response1" rcardinality="Single">
            <render_choice>
              <response_label ident="2031">
                <material>
                  <mattext texttype="text/plain">Inflection point</mattext>
                </material>
              </response_label>
              <response_label ident="8077">
                <material>
                  <mattext texttype="text/plain">Local maximum</mattext>
                </material>
              </response_label>
              <response_label ident="8912">
                <material>
                  <mattext texttype="text/plain">Local minimum</mattext>
                </material>
              </response_label>
              <response_label ident="8584">
                <material>
                  <mattext texttype="text/plain">Saddle point</mattext>
                </material>
              </response_label>
              <response_label ident="7158">
                <material>
                  <mattext texttype="text/plain">None of the others</mattext>
                </material>
              </response_label>
              </render_choice>
          </response_lid>
        </presentation>
        <resprocessing>
          <outcomes>
            <decvar maxvalue="100" minvalue="0" varname="SCORE" vartype="Decimal" />
          </outcomes>
          <respcondition continue="No">
            <conditionvar>
              <varequal respident="response1">8584</varequal>
            </conditionvar>
            <setvar action="Set" varname="SCORE">100</setvar>
          </respcondition>
        </resprocessing>
      </item>
      <item ident="gec631f6644c5efe3c4d1ba462e9e73" title="Question 4">
        <itemmetadata>
          <qtimetadata>
            <qtimetadatafield>
              <fieldlabel>question_type</fieldlabel>
              <fieldentry>multiple_choice_question</fieldentry>
            </qtimetadatafield>
            <qtimetadatafield>
              <fieldlabel>points_possible</fieldlabel>
              <fieldentry>1</fieldentry>
            </qtimetadatafield>
            <qtimetadatafield>
              <fieldlabel>original_answer_ids</fieldlabel>
              <fieldentry>2265,2926,4819,6124,4253</fieldentry>
            </qtimetadatafield>
            <qtimetadatafield>
              <fieldlabel>assessment_question_identifierref</fieldlabel>
              <fieldentry>gbtpw96sj3jx0ajdma119sa1kyn570j</fieldentry>
            </qtimetadatafield>
          </qtimetadata>
        </itemmetadata>
        <presentation>
          <material>
            <mattext texttype="text/html">&lt;img src="$IMS-CC-FILEBASE$/Uploaded%20Media/ContourPlot(1, 1)_(-1, -1).png" width="50%"&gt;&lt;br&gt;
            Classify the critical point at \(P = (-1, -1)\) of the function \(f(x,y)\) whose 
            contour plot is shown above.</mattext>
          </material>
          <response_lid ident="response1" rcardinality="Single">
            <render_choice>
              <response_label ident="2926">
                <material>
                  <mattext texttype="text/plain">Saddle point</mattext>
                </material>
              </response_label>
              <response_label ident="2265">
                <material>
                  <mattext texttype="text/plain">Local minimum</mattext>
                </material>
              </response_label>
              <response_label ident="6124">
                <material>
                  <mattext texttype="text/plain">Inflection point</mattext>
                </material>
              </response_label>
              <response_label ident="4819">
                <material>
                  <mattext texttype="text/plain">Local maximum</mattext>
                </material>
              </response_label>
              <response_label ident="4253">
                <material>
                  <mattext texttype="text/plain">None of the others</mattext>
                </material>
              </response_label>
              </render_choice>
          </response_lid>
        </presentation>
        <resprocessing>
          <outcomes>
            <decvar maxvalue="100" minvalue="0" varname="SCORE" vartype="Decimal" />
          </outcomes>
          <respcondition continue="No">
            <conditionvar>
              <varequal respident="response1">2265</varequal>
            </conditionvar>
            <setvar action="Set" varname="SCORE">100</setvar>
          </respcondition>
        </resprocessing>
      </item>
      <item ident="g5c05536b82f7446bbcb83824ab511a" title="Question 5">
        <itemmetadata>
          <qtimetadata>
            <qtimetadatafield>
              <fieldlabel>question_type</fieldlabel>
              <fieldentry>multiple_choice_question</fieldentry>
            </qtimetadatafield>
            <qtimetadatafield>
              <fieldlabel>points_possible</fieldlabel>
              <fieldentry>1</fieldentry>
            </qtimetadatafield>
            <qtimetadatafield>
              <fieldlabel>original_answer_ids</fieldlabel>
              <fieldentry>9960,1042,3400,7889,3162</fieldentry>
            </qtimetadatafield>
            <qtimetadatafield>
              <fieldlabel>assessment_question_identifierref</fieldlabel>
              <fieldentry>gp7pf1sadrruqqcz9x5nf7otb1ledab</fieldentry>
            </qtimetadatafield>
          </qtimetadata>
        </itemmetadata>
        <presentation>
          <material>
            <mattext texttype="text/html">&lt;img src="$IMS-CC-FILEBASE$/Uploaded%20Media/ContourPlot(-1, -1)_(-1, 2).png" width="50%"&gt;&lt;br&gt;
            Classify the critical point at \(P = (-1, 2)\) of the function \(f(x,y)\) whose 
            contour plot is shown above.</mattext>
          </material>
          <response_lid ident="response1" rcardinality="Single">
            <render_choice>
              <response_label ident="7889">
                <material>
                  <mattext texttype="text/plain">Inflection point</mattext>
                </material>
              </response_label>
              <response_label ident="3400">
                <material>
                  <mattext texttype="text/plain">Local minimum</mattext>
                </material>
              </response_label>
              <response_label ident="1042">
                <material>
                  <mattext texttype="text/plain">Saddle point</mattext>
                </material>
              </response_label>
              <response_label ident="9960">
                <material>
                  <mattext texttype="text/plain">Local maximum</mattext>
                </material>
              </response_label>
              <response_label ident="3162">
                <material>
                  <mattext texttype="text/plain">None of the others</mattext>
                </material>
              </response_label>
              </render_choice>
          </response_lid>
        </presentation>
        <resprocessing>
          <outcomes>
            <decvar maxvalue="100" minvalue="0" varname="SCORE" vartype="Decimal" />
          </outcomes>
          <respcondition continue="No">
            <conditionvar>
              <varequal respident="response1">9960</varequal>
            </conditionvar>
            <setvar action="Set" varname="SCORE">100</setvar>
          </respcondition>
        </resprocessing>
      </item>
      <item ident="ga6989fa69f54421a6bb544210b143f" title="Question 6">
        <itemmetadata>
          <qtimetadata>
            <qtimetadatafield>
              <fieldlabel>question_type</fieldlabel>
              <fieldentry>multiple_choice_question</fieldentry>
            </qtimetadatafield>
            <qtimetadatafield>
              <fieldlabel>points_possible</fieldlabel>
              <fieldentry>1</fieldentry>
            </qtimetadatafield>
            <qtimetadatafield>
              <fieldlabel>original_answer_ids</fieldlabel>
              <fieldentry>1138,2127,9828,7588,4722</fieldentry>
            </qtimetadatafield>
            <qtimetadatafield>
              <fieldlabel>assessment_question_identifierref</fieldlabel>
              <fieldentry>geiu0adbwfeeevq7kgh57z7oy907b1x</fieldentry>
            </qtimetadatafield>
          </qtimetadata>
        </itemmetadata>
        <presentation>
          <material>
            <mattext texttype="text/html">&lt;img src="$IMS-CC-FILEBASE$/Uploaded%20Media/ContourPlot(-1, 1)_(-1, 2).png" width="50%"&gt;&lt;br&gt;
            Classify the critical point at \(P = (-1, 2)\) of the function \(f(x,y)\) whose 
            contour plot is shown above.</mattext>
          </material>
          <response_lid ident="response1" rcardinality="Single">
            <render_choice>
              <response_label ident="7588">
                <material>
                  <mattext texttype="text/plain">Inflection point</mattext>
                </material>
              </response_label>
              <response_label ident="1138">
                <material>
                  <mattext texttype="text/plain">Saddle point</mattext>
                </material>
              </response_label>
              <response_label ident="9828">
                <material>
                  <mattext texttype="text/plain">Local minimum</mattext>
                </material>
              </response_label>
              <response_label ident="2127">
                <material>
                  <mattext texttype="text/plain">Local maximum</mattext>
                </material>
              </response_label>
              <response_label ident="4722">
                <material>
                  <mattext texttype="text/plain">None of the others</mattext>
                </material>
              </response_label>
              </render_choice>
          </response_lid>
        </presentation>
        <resprocessing>
          <outcomes>
            <decvar maxvalue="100" minvalue="0" varname="SCORE" vartype="Decimal" />
          </outcomes>
          <respcondition continue="No">
            <conditionvar>
              <varequal respident="response1">1138</varequal>
            </conditionvar>
            <setvar action="Set" varname="SCORE">100</setvar>
          </respcondition>
        </resprocessing>
      </item>
      <item ident="g9809b8fd5b444cca3597fc05b22c07" title="Question 7">
        <itemmetadata>
          <qtimetadata>
            <qtimetadatafield>
              <fieldlabel>question_type</fieldlabel>
              <fieldentry>multiple_choice_question</fieldentry>
            </qtimetadatafield>
            <qtimetadatafield>
              <fieldlabel>points_possible</fieldlabel>
              <fieldentry>1</fieldentry>
            </qtimetadatafield>
            <qtimetadatafield>
              <fieldlabel>original_answer_ids</fieldlabel>
              <fieldentry>1398,5764,6873,2439,5910</fieldentry>
            </qtimetadatafield>
            <qtimetadatafield>
              <fieldlabel>assessment_question_identifierref</fieldlabel>
              <fieldentry>gsuae4y2ekbiigxc245fvr7ozhbtbuf</fieldentry>
            </qtimetadatafield>
          </qtimetadata>
        </itemmetadata>
        <presentation>
          <material>
            <mattext texttype="text/html">&lt;img src="$IMS-CC-FILEBASE$/Uploaded%20Media/ContourPlot(1, -1)_(-1, 2).png" width="50%"&gt;&lt;br&gt;
            Classify the critical point at \(P = (-1, 2)\) of the function \(f(x,y)\) whose 
            contour plot is shown above.</mattext>
          </material>
          <response_lid ident="response1" rcardinality="Single">
            <render_choice>
              <response_label ident="2439">
                <material>
                  <mattext texttype="text/plain">Inflection point</mattext>
                </material>
              </response_label>
              <response_label ident="5764">
                <material>
                  <mattext texttype="text/plain">Local maximum</mattext>
                </material>
              </response_label>
              <response_label ident="6873">
                <material>
                  <mattext texttype="text/plain">Local minimum</mattext>
                </material>
              </response_label>
              <response_label ident="1398">
                <material>
                  <mattext texttype="text/plain">Saddle point</mattext>
                </material>
              </response_label>
              <response_label ident="5910">
                <material>
                  <mattext texttype="text/plain">None of the others</mattext>
                </material>
              </response_label>
              </render_choice>
          </response_lid>
        </presentation>
        <resprocessing>
          <outcomes>
            <decvar maxvalue="100" minvalue="0" varname="SCORE" vartype="Decimal" />
          </outcomes>
          <respcondition continue="No">
            <conditionvar>
              <varequal respident="response1">1398</varequal>
            </conditionvar>
            <setvar action="Set" varname="SCORE">100</setvar>
          </respcondition>
        </resprocessing>
      </item>
      <item ident="gf28fbee75851be360825affad1c8f5" title="Question 8">
        <itemmetadata>
          <qtimetadata>
            <qtimetadatafield>
              <fieldlabel>question_type</fieldlabel>
              <fieldentry>multiple_choice_question</fieldentry>
            </qtimetadatafield>
            <qtimetadatafield>
              <fieldlabel>points_possible</fieldlabel>
              <fieldentry>1</fieldentry>
            </qtimetadatafield>
            <qtimetadatafield>
              <fieldlabel>original_answer_ids</fieldlabel>
              <fieldentry>3440,7205,7317,3650,1499</fieldentry>
            </qtimetadatafield>
            <qtimetadatafield>
              <fieldlabel>assessment_question_identifierref</fieldlabel>
              <fieldentry>g3wuxrx8wg62ikgq699k5qy65a1wtcq</fieldentry>
            </qtimetadatafield>
          </qtimetadata>
        </itemmetadata>
        <presentation>
          <material>
            <mattext texttype="text/html">&lt;img src="$IMS-CC-FILEBASE$/Uploaded%20Media/ContourPlot(1, 1)_(-1, 2).png" width="50%"&gt;&lt;br&gt;
            Classify the critical point at \(P = (-1, 2)\) of the function \(f(x,y)\) whose 
            contour plot is shown above.</mattext>
          </material>
          <response_lid ident="response1" rcardinality="Single">
            <render_choice>
              <response_label ident="3440">
                <material>
                  <mattext texttype="text/plain">Local minimum</mattext>
                </material>
              </response_label>
              <response_label ident="7317">
                <material>
                  <mattext texttype="text/plain">Local maximum</mattext>
                </material>
              </response_label>
              <response_label ident="3650">
                <material>
                  <mattext texttype="text/plain">Inflection point</mattext>
                </material>
              </response_label>
              <response_label ident="7205">
                <material>
                  <mattext texttype="text/plain">Saddle point</mattext>
                </material>
              </response_label>
              <response_label ident="1499">
                <material>
                  <mattext texttype="text/plain">None of the others</mattext>
                </material>
              </response_label>
              </render_choice>
          </response_lid>
        </presentation>
        <resprocessing>
          <outcomes>
            <decvar maxvalue="100" minvalue="0" varname="SCORE" vartype="Decimal" />
          </outcomes>
          <respcondition continue="No">
            <conditionvar>
              <varequal respident="response1">3440</varequal>
            </conditionvar>
            <setvar action="Set" varname="SCORE">100</setvar>
          </respcondition>
        </resprocessing>
      </item>
      <item ident="g20ee5066943a49ce00a69b3976b836" title="Question 9">
        <itemmetadata>
          <qtimetadata>
            <qtimetadatafield>
              <fieldlabel>question_type</fieldlabel>
              <fieldentry>multiple_choice_question</fieldentry>
            </qtimetadatafield>
            <qtimetadatafield>
              <fieldlabel>points_possible</fieldlabel>
              <fieldentry>1</fieldentry>
            </qtimetadatafield>
            <qtimetadatafield>
              <fieldlabel>original_answer_ids</fieldlabel>
              <fieldentry>9098,4710,8666,9280,7476</fieldentry>
            </qtimetadatafield>
            <qtimetadatafield>
              <fieldlabel>assessment_question_identifierref</fieldlabel>
              <fieldentry>guoprrlrocd68dgpo72la6ntdezznme</fieldentry>
            </qtimetadatafield>
          </qtimetadata>
        </itemmetadata>
        <presentation>
          <material>
            <mattext texttype="text/html">&lt;img src="$IMS-CC-FILEBASE$/Uploaded%20Media/ContourPlot(-1, -1)_(2, -1).png" width="50%"&gt;&lt;br&gt;
            Classify the critical point at \(P = (2, -1)\) of the function \(f(x,y)\) whose 
            contour plot is shown above.</mattext>
          </material>
          <response_lid ident="response1" rcardinality="Single">
            <render_choice>
              <response_label ident="8666">
                <material>
                  <mattext texttype="text/plain">Local minimum</mattext>
                </material>
              </response_label>
              <response_label ident="4710">
                <material>
                  <mattext texttype="text/plain">Saddle point</mattext>
                </material>
              </response_label>
              <response_label ident="9098">
                <material>
                  <mattext texttype="text/plain">Local maximum</mattext>
                </material>
              </response_label>
              <response_label ident="9280">
                <material>
                  <mattext texttype="text/plain">Inflection point</mattext>
                </material>
              </response_label>
              <response_label ident="7476">
                <material>
                  <mattext texttype="text/plain">None of the others</mattext>
                </material>
              </response_label>
              </render_choice>
          </response_lid>
        </presentation>
        <resprocessing>
          <outcomes>
            <decvar maxvalue="100" minvalue="0" varname="SCORE" vartype="Decimal" />
          </outcomes>
          <respcondition continue="No">
            <conditionvar>
              <varequal respident="response1">9098</varequal>
            </conditionvar>
            <setvar action="Set" varname="SCORE">100</setvar>
          </respcondition>
        </resprocessing>
      </item>
      <item ident="g30e737cc53ec6a61b8f2d05887cf4f" title="Question 10">
        <itemmetadata>
          <qtimetadata>
            <qtimetadatafield>
              <fieldlabel>question_type</fieldlabel>
              <fieldentry>multiple_choice_question</fieldentry>
            </qtimetadatafield>
            <qtimetadatafield>
              <fieldlabel>points_possible</fieldlabel>
              <fieldentry>1</fieldentry>
            </qtimetadatafield>
            <qtimetadatafield>
              <fieldlabel>original_answer_ids</fieldlabel>
              <fieldentry>6743,6112,8040,9493,7683</fieldentry>
            </qtimetadatafield>
            <qtimetadatafield>
              <fieldlabel>assessment_question_identifierref</fieldlabel>
              <fieldentry>gs8dfscgzdnv8kcf9rkx5f6m80f6kyz</fieldentry>
            </qtimetadatafield>
          </qtimetadata>
        </itemmetadata>
        <presentation>
          <material>
            <mattext texttype="text/html">&lt;img src="$IMS-CC-FILEBASE$/Uploaded%20Media/ContourPlot(-1, 1)_(2, -1).png" width="50%"&gt;&lt;br&gt;
            Classify the critical point at \(P = (2, -1)\) of the function \(f(x,y)\) whose 
            contour plot is shown above.</mattext>
          </material>
          <response_lid ident="response1" rcardinality="Single">
            <render_choice>
              <response_label ident="6743">
                <material>
                  <mattext texttype="text/plain">Saddle point</mattext>
                </material>
              </response_label>
              <response_label ident="6112">
                <material>
                  <mattext texttype="text/plain">Local maximum</mattext>
                </material>
              </response_label>
              <response_label ident="9493">
                <material>
                  <mattext texttype="text/plain">Inflection point</mattext>
                </material>
              </response_label>
              <response_label ident="8040">
                <material>
                  <mattext texttype="text/plain">Local minimum</mattext>
                </material>
              </response_label>
              <response_label ident="7683">
                <material>
                  <mattext texttype="text/plain">None of the others</mattext>
                </material>
              </response_label>
              </render_choice>
          </response_lid>
        </presentation>
        <resprocessing>
          <outcomes>
            <decvar maxvalue="100" minvalue="0" varname="SCORE" vartype="Decimal" />
          </outcomes>
          <respcondition continue="No">
            <conditionvar>
              <varequal respident="response1">6743</varequal>
            </conditionvar>
            <setvar action="Set" varname="SCORE">100</setvar>
          </respcondition>
        </resprocessing>
      </item>
      <item ident="gb5f1ebea981a758aa38f520e9d6948" title="Question 11">
        <itemmetadata>
          <qtimetadata>
            <qtimetadatafield>
              <fieldlabel>question_type</fieldlabel>
              <fieldentry>multiple_choice_question</fieldentry>
            </qtimetadatafield>
            <qtimetadatafield>
              <fieldlabel>points_possible</fieldlabel>
              <fieldentry>1</fieldentry>
            </qtimetadatafield>
            <qtimetadatafield>
              <fieldlabel>original_answer_ids</fieldlabel>
              <fieldentry>4601,3428,6848,2600,6281</fieldentry>
            </qtimetadatafield>
            <qtimetadatafield>
              <fieldlabel>assessment_question_identifierref</fieldlabel>
              <fieldentry>gd17a5ezoi6allycaxmxatxuhynkjmu</fieldentry>
            </qtimetadatafield>
          </qtimetadata>
        </itemmetadata>
        <presentation>
          <material>
            <mattext texttype="text/html">&lt;img src="$IMS-CC-FILEBASE$/Uploaded%20Media/ContourPlot(1, -1)_(2, -1).png" width="50%"&gt;&lt;br&gt;
            Classify the critical point at \(P = (2, -1)\) of the function \(f(x,y)\) whose 
            contour plot is shown above.</mattext>
          </material>
          <response_lid ident="response1" rcardinality="Single">
            <render_choice>
              <response_label ident="4601">
                <material>
                  <mattext texttype="text/plain">Saddle point</mattext>
                </material>
              </response_label>
              <response_label ident="2600">
                <material>
                  <mattext texttype="text/plain">Inflection point</mattext>
                </material>
              </response_label>
              <response_label ident="3428">
                <material>
                  <mattext texttype="text/plain">Local maximum</mattext>
                </material>
              </response_label>
              <response_label ident="6848">
                <material>
                  <mattext texttype="text/plain">Local minimum</mattext>
                </material>
              </response_label>
              <response_label ident="6281">
                <material>
                  <mattext texttype="text/plain">None of the others</mattext>
                </material>
              </response_label>
              </render_choice>
          </response_lid>
        </presentation>
        <resprocessing>
          <outcomes>
            <decvar maxvalue="100" minvalue="0" varname="SCORE" vartype="Decimal" />
          </outcomes>
          <respcondition continue="No">
            <conditionvar>
              <varequal respident="response1">4601</varequal>
            </conditionvar>
            <setvar action="Set" varname="SCORE">100</setvar>
          </respcondition>
        </resprocessing>
      </item>
      <item ident="g9bc063ce677db0b5f782921a26be6d" title="Question 12">
        <itemmetadata>
          <qtimetadata>
            <qtimetadatafield>
              <fieldlabel>question_type</fieldlabel>
              <fieldentry>multiple_choice_question</fieldentry>
            </qtimetadatafield>
            <qtimetadatafield>
              <fieldlabel>points_possible</fieldlabel>
              <fieldentry>1</fieldentry>
            </qtimetadatafield>
            <qtimetadatafield>
              <fieldlabel>original_answer_ids</fieldlabel>
              <fieldentry>1203,3867,4418,7079,9065</fieldentry>
            </qtimetadatafield>
            <qtimetadatafield>
              <fieldlabel>assessment_question_identifierref</fieldlabel>
              <fieldentry>gxg88vmw9rix7jt1dhwplf1jz0g20ts</fieldentry>
            </qtimetadatafield>
          </qtimetadata>
        </itemmetadata>
        <presentation>
          <material>
            <mattext texttype="text/html">&lt;img src="$IMS-CC-FILEBASE$/Uploaded%20Media/ContourPlot(1, 1)_(2, -1).png" width="50%"&gt;&lt;br&gt;
            Classify the critical point at \(P = (2, -1)\) of the function \(f(x,y)\) whose 
            contour plot is shown above.</mattext>
          </material>
          <response_lid ident="response1" rcardinality="Single">
            <render_choice>
              <response_label ident="3867">
                <material>
                  <mattext texttype="text/plain">Saddle point</mattext>
                </material>
              </response_label>
              <response_label ident="4418">
                <material>
                  <mattext texttype="text/plain">Local maximum</mattext>
                </material>
              </response_label>
              <response_label ident="7079">
                <material>
                  <mattext texttype="text/plain">Inflection point</mattext>
                </material>
              </response_label>
              <response_label ident="1203">
                <material>
                  <mattext texttype="text/plain">Local minimum</mattext>
                </material>
              </response_label>
              <response_label ident="9065">
                <material>
                  <mattext texttype="text/plain">None of the others</mattext>
                </material>
              </response_label>
              </render_choice>
          </response_lid>
        </presentation>
        <resprocessing>
          <outcomes>
            <decvar maxvalue="100" minvalue="0" varname="SCORE" vartype="Decimal" />
          </outcomes>
          <respcondition continue="No">
            <conditionvar>
              <varequal respident="response1">1203</varequal>
            </conditionvar>
            <setvar action="Set" varname="SCORE">100</setvar>
          </respcondition>
        </resprocessing>
      </item>
      <item ident="g91a2cad437ce23898d21cdcd7ad82f" title="Question 13">
        <itemmetadata>
          <qtimetadata>
            <qtimetadatafield>
              <fieldlabel>question_type</fieldlabel>
              <fieldentry>multiple_choice_question</fieldentry>
            </qtimetadatafield>
            <qtimetadatafield>
              <fieldlabel>points_possible</fieldlabel>
              <fieldentry>1</fieldentry>
            </qtimetadatafield>
            <qtimetadatafield>
              <fieldlabel>original_answer_ids</fieldlabel>
              <fieldentry>1474,8241,6437,5747,3114</fieldentry>
            </qtimetadatafield>
            <qtimetadatafield>
              <fieldlabel>assessment_question_identifierref</fieldlabel>
              <fieldentry>gwk58xyp3ucyt6ol0a4x5cpw3psi7vm</fieldentry>
            </qtimetadatafield>
          </qtimetadata>
        </itemmetadata>
        <presentation>
          <material>
            <mattext texttype="text/html">&lt;img src="$IMS-CC-FILEBASE$/Uploaded%20Media/ContourPlot(-1, -1)_(2, 2).png" width="50%"&gt;&lt;br&gt;
            Classify the critical point at \(P = (2, 2)\) of the function \(f(x,y)\) whose 
            contour plot is shown above.</mattext>
          </material>
          <response_lid ident="response1" rcardinality="Single">
            <render_choice>
              <response_label ident="1474">
                <material>
                  <mattext texttype="text/plain">Local maximum</mattext>
                </material>
              </response_label>
              <response_label ident="6437">
                <material>
                  <mattext texttype="text/plain">Local minimum</mattext>
                </material>
              </response_label>
              <response_label ident="8241">
                <material>
                  <mattext texttype="text/plain">Saddle point</mattext>
                </material>
              </response_label>
              <response_label ident="5747">
                <material>
                  <mattext texttype="text/plain">Inflection point</mattext>
                </material>
              </response_label>
              <response_label ident="3114">
                <material>
                  <mattext texttype="text/plain">None of the others</mattext>
                </material>
              </response_label>
              </render_choice>
          </response_lid>
        </presentation>
        <resprocessing>
          <outcomes>
            <decvar maxvalue="100" minvalue="0" varname="SCORE" vartype="Decimal" />
          </outcomes>
          <respcondition continue="No">
            <conditionvar>
              <varequal respident="response1">1474</varequal>
            </conditionvar>
            <setvar action="Set" varname="SCORE">100</setvar>
          </respcondition>
        </resprocessing>
      </item>
      <item ident="gdf2e6808d553b9a92ff3dcd978f300" title="Question 14">
        <itemmetadata>
          <qtimetadata>
            <qtimetadatafield>
              <fieldlabel>question_type</fieldlabel>
              <fieldentry>multiple_choice_question</fieldentry>
            </qtimetadatafield>
            <qtimetadatafield>
              <fieldlabel>points_possible</fieldlabel>
              <fieldentry>1</fieldentry>
            </qtimetadatafield>
            <qtimetadatafield>
              <fieldlabel>original_answer_ids</fieldlabel>
              <fieldentry>5030,1715,7003,6068,2970</fieldentry>
            </qtimetadatafield>
            <qtimetadatafield>
              <fieldlabel>assessment_question_identifierref</fieldlabel>
              <fieldentry>g922fl33lp81pjd5mancgrfve3a1b7f</fieldentry>
            </qtimetadatafield>
          </qtimetadata>
        </itemmetadata>
        <presentation>
          <material>
            <mattext texttype="text/html">&lt;img src="$IMS-CC-FILEBASE$/Uploaded%20Media/ContourPlot(-1, 1)_(2, 2).png" width="50%"&gt;&lt;br&gt;
            Classify the critical point at \(P = (2, 2)\) of the function \(f(x,y)\) whose 
            contour plot is shown above.</mattext>
          </material>
          <response_lid ident="response1" rcardinality="Single">
            <render_choice>
              <response_label ident="5030">
                <material>
                  <mattext texttype="text/plain">Saddle point</mattext>
                </material>
              </response_label>
              <response_label ident="6068">
                <material>
                  <mattext texttype="text/plain">Inflection point</mattext>
                </material>
              </response_label>
              <response_label ident="7003">
                <material>
                  <mattext texttype="text/plain">Local minimum</mattext>
                </material>
              </response_label>
              <response_label ident="1715">
                <material>
                  <mattext texttype="text/plain">Local maximum</mattext>
                </material>
              </response_label>
              <response_label ident="2970">
                <material>
                  <mattext texttype="text/plain">None of the others</mattext>
                </material>
              </response_label>
              </render_choice>
          </response_lid>
        </presentation>
        <resprocessing>
          <outcomes>
            <decvar maxvalue="100" minvalue="0" varname="SCORE" vartype="Decimal" />
          </outcomes>
          <respcondition continue="No">
            <conditionvar>
              <varequal respident="response1">5030</varequal>
            </conditionvar>
            <setvar action="Set" varname="SCORE">100</setvar>
          </respcondition>
        </resprocessing>
      </item>
      <item ident="g1a40681d3a5a1e55541de5a0ad172f" title="Question 15">
        <itemmetadata>
          <qtimetadata>
            <qtimetadatafield>
              <fieldlabel>question_type</fieldlabel>
              <fieldentry>multiple_choice_question</fieldentry>
            </qtimetadatafield>
            <qtimetadatafield>
              <fieldlabel>points_possible</fieldlabel>
              <fieldentry>1</fieldentry>
            </qtimetadatafield>
            <qtimetadatafield>
              <fieldlabel>original_answer_ids</fieldlabel>
              <fieldentry>5795,6809,8145,7587,7422</fieldentry>
            </qtimetadatafield>
            <qtimetadatafield>
              <fieldlabel>assessment_question_identifierref</fieldlabel>
              <fieldentry>gau0aosp6yrmu6fhpbxp6sdmp5528sx</fieldentry>
            </qtimetadatafield>
          </qtimetadata>
        </itemmetadata>
        <presentation>
          <material>
            <mattext texttype="text/html">&lt;img src="$IMS-CC-FILEBASE$/Uploaded%20Media/ContourPlot(1, -1)_(2, 2).png" width="50%"&gt;&lt;br&gt;
            Classify the critical point at \(P = (2, 2)\) of the function \(f(x,y)\) whose 
            contour plot is shown above.</mattext>
          </material>
          <response_lid ident="response1" rcardinality="Single">
            <render_choice>
              <response_label ident="7587">
                <material>
                  <mattext texttype="text/plain">Inflection point</mattext>
                </material>
              </response_label>
              <response_label ident="5795">
                <material>
                  <mattext texttype="text/plain">Saddle point</mattext>
                </material>
              </response_label>
              <response_label ident="6809">
                <material>
                  <mattext texttype="text/plain">Local maximum</mattext>
                </material>
              </response_label>
              <response_label ident="8145">
                <material>
                  <mattext texttype="text/plain">Local minimum</mattext>
                </material>
              </response_label>
              <response_label ident="7422">
                <material>
                  <mattext texttype="text/plain">None of the others</mattext>
                </material>
              </response_label>
              </render_choice>
          </response_lid>
        </presentation>
        <resprocessing>
          <outcomes>
            <decvar maxvalue="100" minvalue="0" varname="SCORE" vartype="Decimal" />
          </outcomes>
          <respcondition continue="No">
            <conditionvar>
              <varequal respident="response1">5795</varequal>
            </conditionvar>
            <setvar action="Set" varname="SCORE">100</setvar>
          </respcondition>
        </resprocessing>
      </item>
      <item ident="g453b41827043a4a6a2ae8aaa40735d" title="Question 16">
        <itemmetadata>
          <qtimetadata>
            <qtimetadatafield>
              <fieldlabel>question_type</fieldlabel>
              <fieldentry>multiple_choice_question</fieldentry>
            </qtimetadatafield>
            <qtimetadatafield>
              <fieldlabel>points_possible</fieldlabel>
              <fieldentry>1</fieldentry>
            </qtimetadatafield>
            <qtimetadatafield>
              <fieldlabel>original_answer_ids</fieldlabel>
              <fieldentry>9554,9729,9543,4274,9727</fieldentry>
            </qtimetadatafield>
            <qtimetadatafield>
              <fieldlabel>assessment_question_identifierref</fieldlabel>
              <fieldentry>g0cmygl5x4i16lsmkd315hkluycaa5j</fieldentry>
            </qtimetadatafield>
          </qtimetadata>
        </itemmetadata>
        <presentation>
          <material>
            <mattext texttype="text/html">&lt;img src="$IMS-CC-FILEBASE$/Uploaded%20Media/ContourPlot(1, 1)_(2, 2).png" width="50%"&gt;&lt;br&gt;
            Classify the critical point at \(P = (2, 2)\) of the function \(f(x,y)\) whose 
            contour plot is shown above.</mattext>
          </material>
          <response_lid ident="response1" rcardinality="Single">
            <render_choice>
              <response_label ident="9554">
                <material>
                  <mattext texttype="text/plain">Local minimum</mattext>
                </material>
              </response_label>
              <response_label ident="9543">
                <material>
                  <mattext texttype="text/plain">Local maximum</mattext>
                </material>
              </response_label>
              <response_label ident="9729">
                <material>
                  <mattext texttype="text/plain">Saddle point</mattext>
                </material>
              </response_label>
              <response_label ident="4274">
                <material>
                  <mattext texttype="text/plain">Inflection point</mattext>
                </material>
              </response_label>
              <response_label ident="9727">
                <material>
                  <mattext texttype="text/plain">None of the others</mattext>
                </material>
              </response_label>
              </render_choice>
          </response_lid>
        </presentation>
        <resprocessing>
          <outcomes>
            <decvar maxvalue="100" minvalue="0" varname="SCORE" vartype="Decimal" />
          </outcomes>
          <respcondition continue="No">
            <conditionvar>
              <varequal respident="response1">9554</varequal>
            </conditionvar>
            <setvar action="Set" varname="SCORE">100</setvar>
          </respcondition>
        </resprocessing>
      </item>
      </section>
  </assessment>
</questestinterop>