<?xml version='1.0' encoding='UTF-8'?>
<questestinterop xmlns="http://www.imsglobal.org/xsd/ims_qtiasiv1p2" xmlns:xsi="http://www.w3.org/2001/XMLSchema-instance" xsi:schemaLocation="http://www.imsglobal.org/xsd/ims_qtiasiv1p2 http://www.imsglobal.org/xsd/ims_qtiasiv1p2p1.xsd">
  <assessment ident="g75f3fe947251c299369c29b947bfbf" title="Squid-made question pool">
    <qtimetadata>
      <qtimetadatafield>
        <fieldlabel>cc_maxattempts</fieldlabel>
        <fieldentry>1</fieldentry>
      </qtimetadatafield>
    </qtimetadata>
    <section ident="root_section">
      <item ident="g680a2249bbb2dfa0b4ba40e0ee1ee3" title="Question 1">
        <itemmetadata>
          <qtimetadata>
            <qtimetadatafield>
              <fieldlabel>question_type</fieldlabel>
              <fieldentry>multiple_choice_question</fieldentry>
            </qtimetadatafield>
            <qtimetadatafield>
              <fieldlabel>points_possible</fieldlabel>
              <fieldentry>1</fieldentry>
            </qtimetadatafield>
            <qtimetadatafield>
              <fieldlabel>original_answer_ids</fieldlabel>
              <fieldentry>5861,7863,3443,8083,7422</fieldentry>
            </qtimetadatafield>
            <qtimetadatafield>
              <fieldlabel>assessment_question_identifierref</fieldlabel>
              <fieldentry>gws9v2lqu3rdfb435tqayig0xj4eydp</fieldentry>
            </qtimetadatafield>
          </qtimetadata>
        </itemmetadata>
        <presentation>
          <material>
            <mattext texttype="text/html">&lt;img src="$IMS-CC-FILEBASE$/Uploaded%20Media/ContourPlot(-1, -1)_(-1, -1).png" width="50%"&gt;&lt;br&gt;
            Classify the critical point at \(P = (-1, -1)\) of the function \(f(x,y)\) whose 
            contour plot is shown above.</mattext>
          </material>
          <response_lid ident="response1" rcardinality="Single">
            <render_choice>
              <response_label ident="5861">
                <material>
                  <mattext texttype="text/plain">Local maximum</mattext>
                </material>
              </response_label>
              <response_label ident="8083">
                <material>
                  <mattext texttype="text/plain">Inflection point</mattext>
                </material>
              </response_label>
              <response_label ident="3443">
                <material>
                  <mattext texttype="text/plain">Local minimum</mattext>
                </material>
              </response_label>
              <response_label ident="7863">
                <material>
                  <mattext texttype="text/plain">Saddle point</mattext>
                </material>
              </response_label>
              <response_label ident="7422">
                <material>
                  <mattext texttype="text/plain">None of the others</mattext>
                </material>
              </response_label>
              </render_choice>
          </response_lid>
        </presentation>
        <resprocessing>
          <outcomes>
            <decvar maxvalue="100" minvalue="0" varname="SCORE" vartype="Decimal" />
          </outcomes>
          <respcondition continue="No">
            <conditionvar>
              <varequal respident="response1">5861</varequal>
            </conditionvar>
            <setvar action="Set" varname="SCORE">100</setvar>
          </respcondition>
        </resprocessing>
      </item>
      <item ident="g7d23979b8f23af958dc49706db50cb" title="Question 2">
        <itemmetadata>
          <qtimetadata>
            <qtimetadatafield>
              <fieldlabel>question_type</fieldlabel>
              <fieldentry>multiple_choice_question</fieldentry>
            </qtimetadatafield>
            <qtimetadatafield>
              <fieldlabel>points_possible</fieldlabel>
              <fieldentry>1</fieldentry>
            </qtimetadatafield>
            <qtimetadatafield>
              <fieldlabel>original_answer_ids</fieldlabel>
              <fieldentry>6596,9861,7938,4661,6664</fieldentry>
            </qtimetadatafield>
            <qtimetadatafield>
              <fieldlabel>assessment_question_identifierref</fieldlabel>
              <fieldentry>g7mzvoazim7x1wmekmptcxf8zd6dwpv</fieldentry>
            </qtimetadatafield>
          </qtimetadata>
        </itemmetadata>
        <presentation>
          <material>
            <mattext texttype="text/html">&lt;img src="$IMS-CC-FILEBASE$/Uploaded%20Media/ContourPlot(-1, 1)_(-1, -1).png" width="50%"&gt;&lt;br&gt;
            Classify the critical point at \(P = (-1, -1)\) of the function \(f(x,y)\) whose 
            contour plot is shown above.</mattext>
          </material>
          <response_lid ident="response1" rcardinality="Single">
            <render_choice>
              <response_label ident="6596">
                <material>
                  <mattext texttype="text/plain">Saddle point</mattext>
                </material>
              </response_label>
              <response_label ident="9861">
                <material>
                  <mattext texttype="text/plain">Local maximum</mattext>
                </material>
              </response_label>
              <response_label ident="7938">
                <material>
                  <mattext texttype="text/plain">Local minimum</mattext>
                </material>
              </response_label>
              <response_label ident="4661">
                <material>
                  <mattext texttype="text/plain">Inflection point</mattext>
                </material>
              </response_label>
              <response_label ident="6664">
                <material>
                  <mattext texttype="text/plain">None of the others</mattext>
                </material>
              </response_label>
              </render_choice>
          </response_lid>
        </presentation>
        <resprocessing>
          <outcomes>
            <decvar maxvalue="100" minvalue="0" varname="SCORE" vartype="Decimal" />
          </outcomes>
          <respcondition continue="No">
            <conditionvar>
              <varequal respident="response1">6596</varequal>
            </conditionvar>
            <setvar action="Set" varname="SCORE">100</setvar>
          </respcondition>
        </resprocessing>
      </item>
      <item ident="g6506741439b54de27bbd73bd7fc4a3" title="Question 3">
        <itemmetadata>
          <qtimetadata>
            <qtimetadatafield>
              <fieldlabel>question_type</fieldlabel>
              <fieldentry>multiple_choice_question</fieldentry>
            </qtimetadatafield>
            <qtimetadatafield>
              <fieldlabel>points_possible</fieldlabel>
              <fieldentry>1</fieldentry>
            </qtimetadatafield>
            <qtimetadatafield>
              <fieldlabel>original_answer_ids</fieldlabel>
              <fieldentry>8866,3474,5431,5520,5594</fieldentry>
            </qtimetadatafield>
            <qtimetadatafield>
              <fieldlabel>assessment_question_identifierref</fieldlabel>
              <fieldentry>g78rdsgg8tg5nmmybm8pzywemjfqq25</fieldentry>
            </qtimetadatafield>
          </qtimetadata>
        </itemmetadata>
        <presentation>
          <material>
            <mattext texttype="text/html">&lt;img src="$IMS-CC-FILEBASE$/Uploaded%20Media/ContourPlot(1, -1)_(-1, -1).png" width="50%"&gt;&lt;br&gt;
            Classify the critical point at \(P = (-1, -1)\) of the function \(f(x,y)\) whose 
            contour plot is shown above.</mattext>
          </material>
          <response_lid ident="response1" rcardinality="Single">
            <render_choice>
              <response_label ident="5520">
                <material>
                  <mattext texttype="text/plain">Inflection point</mattext>
                </material>
              </response_label>
              <response_label ident="8866">
                <material>
                  <mattext texttype="text/plain">Saddle point</mattext>
                </material>
              </response_label>
              <response_label ident="5431">
                <material>
                  <mattext texttype="text/plain">Local minimum</mattext>
                </material>
              </response_label>
              <response_label ident="3474">
                <material>
                  <mattext texttype="text/plain">Local maximum</mattext>
                </material>
              </response_label>
              <response_label ident="5594">
                <material>
                  <mattext texttype="text/plain">None of the others</mattext>
                </material>
              </response_label>
              </render_choice>
          </response_lid>
        </presentation>
        <resprocessing>
          <outcomes>
            <decvar maxvalue="100" minvalue="0" varname="SCORE" vartype="Decimal" />
          </outcomes>
          <respcondition continue="No">
            <conditionvar>
              <varequal respident="response1">8866</varequal>
            </conditionvar>
            <setvar action="Set" varname="SCORE">100</setvar>
          </respcondition>
        </resprocessing>
      </item>
      <item ident="g44f15ccfd33623fc97d938b49e9c7b" title="Question 4">
        <itemmetadata>
          <qtimetadata>
            <qtimetadatafield>
              <fieldlabel>question_type</fieldlabel>
              <fieldentry>multiple_choice_question</fieldentry>
            </qtimetadatafield>
            <qtimetadatafield>
              <fieldlabel>points_possible</fieldlabel>
              <fieldentry>1</fieldentry>
            </qtimetadatafield>
            <qtimetadatafield>
              <fieldlabel>original_answer_ids</fieldlabel>
              <fieldentry>4601,8522,7962,4890,9951</fieldentry>
            </qtimetadatafield>
            <qtimetadatafield>
              <fieldlabel>assessment_question_identifierref</fieldlabel>
              <fieldentry>gxl4d45nl8syorxt6e7j6s2xgq9uyn6</fieldentry>
            </qtimetadatafield>
          </qtimetadata>
        </itemmetadata>
        <presentation>
          <material>
            <mattext texttype="text/html">&lt;img src="$IMS-CC-FILEBASE$/Uploaded%20Media/ContourPlot(1, 1)_(-1, -1).png" width="50%"&gt;&lt;br&gt;
            Classify the critical point at \(P = (-1, -1)\) of the function \(f(x,y)\) whose 
            contour plot is shown above.</mattext>
          </material>
          <response_lid ident="response1" rcardinality="Single">
            <render_choice>
              <response_label ident="4601">
                <material>
                  <mattext texttype="text/plain">Local minimum</mattext>
                </material>
              </response_label>
              <response_label ident="7962">
                <material>
                  <mattext texttype="text/plain">Local maximum</mattext>
                </material>
              </response_label>
              <response_label ident="8522">
                <material>
                  <mattext texttype="text/plain">Saddle point</mattext>
                </material>
              </response_label>
              <response_label ident="4890">
                <material>
                  <mattext texttype="text/plain">Inflection point</mattext>
                </material>
              </response_label>
              <response_label ident="9951">
                <material>
                  <mattext texttype="text/plain">None of the others</mattext>
                </material>
              </response_label>
              </render_choice>
          </response_lid>
        </presentation>
        <resprocessing>
          <outcomes>
            <decvar maxvalue="100" minvalue="0" varname="SCORE" vartype="Decimal" />
          </outcomes>
          <respcondition continue="No">
            <conditionvar>
              <varequal respident="response1">4601</varequal>
            </conditionvar>
            <setvar action="Set" varname="SCORE">100</setvar>
          </respcondition>
        </resprocessing>
      </item>
      <item ident="g42fb4c93f6431802e3ed0df67142f0" title="Question 5">
        <itemmetadata>
          <qtimetadata>
            <qtimetadatafield>
              <fieldlabel>question_type</fieldlabel>
              <fieldentry>multiple_choice_question</fieldentry>
            </qtimetadatafield>
            <qtimetadatafield>
              <fieldlabel>points_possible</fieldlabel>
              <fieldentry>1</fieldentry>
            </qtimetadatafield>
            <qtimetadatafield>
              <fieldlabel>original_answer_ids</fieldlabel>
              <fieldentry>3767,6377,1272,6263,5711</fieldentry>
            </qtimetadatafield>
            <qtimetadatafield>
              <fieldlabel>assessment_question_identifierref</fieldlabel>
              <fieldentry>gvjoq8y19okz3iemi2egbxganxlhl0d</fieldentry>
            </qtimetadatafield>
          </qtimetadata>
        </itemmetadata>
        <presentation>
          <material>
            <mattext texttype="text/html">&lt;img src="$IMS-CC-FILEBASE$/Uploaded%20Media/ContourPlot(-1, -1)_(-1, 2).png" width="50%"&gt;&lt;br&gt;
            Classify the critical point at \(P = (-1, 2)\) of the function \(f(x,y)\) whose 
            contour plot is shown above.</mattext>
          </material>
          <response_lid ident="response1" rcardinality="Single">
            <render_choice>
              <response_label ident="6263">
                <material>
                  <mattext texttype="text/plain">Inflection point</mattext>
                </material>
              </response_label>
              <response_label ident="6377">
                <material>
                  <mattext texttype="text/plain">Saddle point</mattext>
                </material>
              </response_label>
              <response_label ident="1272">
                <material>
                  <mattext texttype="text/plain">Local minimum</mattext>
                </material>
              </response_label>
              <response_label ident="3767">
                <material>
                  <mattext texttype="text/plain">Local maximum</mattext>
                </material>
              </response_label>
              <response_label ident="5711">
                <material>
                  <mattext texttype="text/plain">None of the others</mattext>
                </material>
              </response_label>
              </render_choice>
          </response_lid>
        </presentation>
        <resprocessing>
          <outcomes>
            <decvar maxvalue="100" minvalue="0" varname="SCORE" vartype="Decimal" />
          </outcomes>
          <respcondition continue="No">
            <conditionvar>
              <varequal respident="response1">3767</varequal>
            </conditionvar>
            <setvar action="Set" varname="SCORE">100</setvar>
          </respcondition>
        </resprocessing>
      </item>
      <item ident="g890f2aa417f277621ec31e6597698b" title="Question 6">
        <itemmetadata>
          <qtimetadata>
            <qtimetadatafield>
              <fieldlabel>question_type</fieldlabel>
              <fieldentry>multiple_choice_question</fieldentry>
            </qtimetadatafield>
            <qtimetadatafield>
              <fieldlabel>points_possible</fieldlabel>
              <fieldentry>1</fieldentry>
            </qtimetadatafield>
            <qtimetadatafield>
              <fieldlabel>original_answer_ids</fieldlabel>
              <fieldentry>3489,9667,8165,2293,3878</fieldentry>
            </qtimetadatafield>
            <qtimetadatafield>
              <fieldlabel>assessment_question_identifierref</fieldlabel>
              <fieldentry>gobo5nqygtij6ml4q3na1m268h3925z</fieldentry>
            </qtimetadatafield>
          </qtimetadata>
        </itemmetadata>
        <presentation>
          <material>
            <mattext texttype="text/html">&lt;img src="$IMS-CC-FILEBASE$/Uploaded%20Media/ContourPlot(-1, 1)_(-1, 2).png" width="50%"&gt;&lt;br&gt;
            Classify the critical point at \(P = (-1, 2)\) of the function \(f(x,y)\) whose 
            contour plot is shown above.</mattext>
          </material>
          <response_lid ident="response1" rcardinality="Single">
            <render_choice>
              <response_label ident="2293">
                <material>
                  <mattext texttype="text/plain">Inflection point</mattext>
                </material>
              </response_label>
              <response_label ident="8165">
                <material>
                  <mattext texttype="text/plain">Local minimum</mattext>
                </material>
              </response_label>
              <response_label ident="9667">
                <material>
                  <mattext texttype="text/plain">Local maximum</mattext>
                </material>
              </response_label>
              <response_label ident="3489">
                <material>
                  <mattext texttype="text/plain">Saddle point</mattext>
                </material>
              </response_label>
              <response_label ident="3878">
                <material>
                  <mattext texttype="text/plain">None of the others</mattext>
                </material>
              </response_label>
              </render_choice>
          </response_lid>
        </presentation>
        <resprocessing>
          <outcomes>
            <decvar maxvalue="100" minvalue="0" varname="SCORE" vartype="Decimal" />
          </outcomes>
          <respcondition continue="No">
            <conditionvar>
              <varequal respident="response1">3489</varequal>
            </conditionvar>
            <setvar action="Set" varname="SCORE">100</setvar>
          </respcondition>
        </resprocessing>
      </item>
      <item ident="g75a1deee856db4b454d1219fa67e34" title="Question 7">
        <itemmetadata>
          <qtimetadata>
            <qtimetadatafield>
              <fieldlabel>question_type</fieldlabel>
              <fieldentry>multiple_choice_question</fieldentry>
            </qtimetadatafield>
            <qtimetadatafield>
              <fieldlabel>points_possible</fieldlabel>
              <fieldentry>1</fieldentry>
            </qtimetadatafield>
            <qtimetadatafield>
              <fieldlabel>original_answer_ids</fieldlabel>
              <fieldentry>2144,2752,2997,7206,3291</fieldentry>
            </qtimetadatafield>
            <qtimetadatafield>
              <fieldlabel>assessment_question_identifierref</fieldlabel>
              <fieldentry>gttjkgbm70yhyrucpow5nui2t6je3w7</fieldentry>
            </qtimetadatafield>
          </qtimetadata>
        </itemmetadata>
        <presentation>
          <material>
            <mattext texttype="text/html">&lt;img src="$IMS-CC-FILEBASE$/Uploaded%20Media/ContourPlot(1, -1)_(-1, 2).png" width="50%"&gt;&lt;br&gt;
            Classify the critical point at \(P = (-1, 2)\) of the function \(f(x,y)\) whose 
            contour plot is shown above.</mattext>
          </material>
          <response_lid ident="response1" rcardinality="Single">
            <render_choice>
              <response_label ident="2997">
                <material>
                  <mattext texttype="text/plain">Local minimum</mattext>
                </material>
              </response_label>
              <response_label ident="2752">
                <material>
                  <mattext texttype="text/plain">Local maximum</mattext>
                </material>
              </response_label>
              <response_label ident="7206">
                <material>
                  <mattext texttype="text/plain">Inflection point</mattext>
                </material>
              </response_label>
              <response_label ident="2144">
                <material>
                  <mattext texttype="text/plain">Saddle point</mattext>
                </material>
              </response_label>
              <response_label ident="3291">
                <material>
                  <mattext texttype="text/plain">None of the others</mattext>
                </material>
              </response_label>
              </render_choice>
          </response_lid>
        </presentation>
        <resprocessing>
          <outcomes>
            <decvar maxvalue="100" minvalue="0" varname="SCORE" vartype="Decimal" />
          </outcomes>
          <respcondition continue="No">
            <conditionvar>
              <varequal respident="response1">2144</varequal>
            </conditionvar>
            <setvar action="Set" varname="SCORE">100</setvar>
          </respcondition>
        </resprocessing>
      </item>
      <item ident="gbd77a8bde0e76e0fbbc4ef30ee27e4" title="Question 8">
        <itemmetadata>
          <qtimetadata>
            <qtimetadatafield>
              <fieldlabel>question_type</fieldlabel>
              <fieldentry>multiple_choice_question</fieldentry>
            </qtimetadatafield>
            <qtimetadatafield>
              <fieldlabel>points_possible</fieldlabel>
              <fieldentry>1</fieldentry>
            </qtimetadatafield>
            <qtimetadatafield>
              <fieldlabel>original_answer_ids</fieldlabel>
              <fieldentry>9165,3460,1559,1677,7540</fieldentry>
            </qtimetadatafield>
            <qtimetadatafield>
              <fieldlabel>assessment_question_identifierref</fieldlabel>
              <fieldentry>g0blp0ky2l6sf6527ux7vmxf1dfytv4</fieldentry>
            </qtimetadatafield>
          </qtimetadata>
        </itemmetadata>
        <presentation>
          <material>
            <mattext texttype="text/html">&lt;img src="$IMS-CC-FILEBASE$/Uploaded%20Media/ContourPlot(1, 1)_(-1, 2).png" width="50%"&gt;&lt;br&gt;
            Classify the critical point at \(P = (-1, 2)\) of the function \(f(x,y)\) whose 
            contour plot is shown above.</mattext>
          </material>
          <response_lid ident="response1" rcardinality="Single">
            <render_choice>
              <response_label ident="1677">
                <material>
                  <mattext texttype="text/plain">Inflection point</mattext>
                </material>
              </response_label>
              <response_label ident="9165">
                <material>
                  <mattext texttype="text/plain">Local minimum</mattext>
                </material>
              </response_label>
              <response_label ident="1559">
                <material>
                  <mattext texttype="text/plain">Local maximum</mattext>
                </material>
              </response_label>
              <response_label ident="3460">
                <material>
                  <mattext texttype="text/plain">Saddle point</mattext>
                </material>
              </response_label>
              <response_label ident="7540">
                <material>
                  <mattext texttype="text/plain">None of the others</mattext>
                </material>
              </response_label>
              </render_choice>
          </response_lid>
        </presentation>
        <resprocessing>
          <outcomes>
            <decvar maxvalue="100" minvalue="0" varname="SCORE" vartype="Decimal" />
          </outcomes>
          <respcondition continue="No">
            <conditionvar>
              <varequal respident="response1">9165</varequal>
            </conditionvar>
            <setvar action="Set" varname="SCORE">100</setvar>
          </respcondition>
        </resprocessing>
      </item>
      <item ident="ga1d080b38d2048a06e9ec06a3c0d93" title="Question 9">
        <itemmetadata>
          <qtimetadata>
            <qtimetadatafield>
              <fieldlabel>question_type</fieldlabel>
              <fieldentry>multiple_choice_question</fieldentry>
            </qtimetadatafield>
            <qtimetadatafield>
              <fieldlabel>points_possible</fieldlabel>
              <fieldentry>1</fieldentry>
            </qtimetadatafield>
            <qtimetadatafield>
              <fieldlabel>original_answer_ids</fieldlabel>
              <fieldentry>1214,3843,4461,1952,5758</fieldentry>
            </qtimetadatafield>
            <qtimetadatafield>
              <fieldlabel>assessment_question_identifierref</fieldlabel>
              <fieldentry>g5pvnxttfxxd2vtww2royrf06m3mn31</fieldentry>
            </qtimetadatafield>
          </qtimetadata>
        </itemmetadata>
        <presentation>
          <material>
            <mattext texttype="text/html">&lt;img src="$IMS-CC-FILEBASE$/Uploaded%20Media/ContourPlot(-1, -1)_(2, -1).png" width="50%"&gt;&lt;br&gt;
            Classify the critical point at \(P = (2, -1)\) of the function \(f(x,y)\) whose 
            contour plot is shown above.</mattext>
          </material>
          <response_lid ident="response1" rcardinality="Single">
            <render_choice>
              <response_label ident="1214">
                <material>
                  <mattext texttype="text/plain">Local maximum</mattext>
                </material>
              </response_label>
              <response_label ident="3843">
                <material>
                  <mattext texttype="text/plain">Saddle point</mattext>
                </material>
              </response_label>
              <response_label ident="1952">
                <material>
                  <mattext texttype="text/plain">Inflection point</mattext>
                </material>
              </response_label>
              <response_label ident="4461">
                <material>
                  <mattext texttype="text/plain">Local minimum</mattext>
                </material>
              </response_label>
              <response_label ident="5758">
                <material>
                  <mattext texttype="text/plain">None of the others</mattext>
                </material>
              </response_label>
              </render_choice>
          </response_lid>
        </presentation>
        <resprocessing>
          <outcomes>
            <decvar maxvalue="100" minvalue="0" varname="SCORE" vartype="Decimal" />
          </outcomes>
          <respcondition continue="No">
            <conditionvar>
              <varequal respident="response1">1214</varequal>
            </conditionvar>
            <setvar action="Set" varname="SCORE">100</setvar>
          </respcondition>
        </resprocessing>
      </item>
      <item ident="gbbe1df4f4ee73130f1d36cf0c5645d" title="Question 10">
        <itemmetadata>
          <qtimetadata>
            <qtimetadatafield>
              <fieldlabel>question_type</fieldlabel>
              <fieldentry>multiple_choice_question</fieldentry>
            </qtimetadatafield>
            <qtimetadatafield>
              <fieldlabel>points_possible</fieldlabel>
              <fieldentry>1</fieldentry>
            </qtimetadatafield>
            <qtimetadatafield>
              <fieldlabel>original_answer_ids</fieldlabel>
              <fieldentry>7220,3813,1136,3705,9989</fieldentry>
            </qtimetadatafield>
            <qtimetadatafield>
              <fieldlabel>assessment_question_identifierref</fieldlabel>
              <fieldentry>gd137q3px80khu94m0vo5kkptrnxamj</fieldentry>
            </qtimetadatafield>
          </qtimetadata>
        </itemmetadata>
        <presentation>
          <material>
            <mattext texttype="text/html">&lt;img src="$IMS-CC-FILEBASE$/Uploaded%20Media/ContourPlot(-1, 1)_(2, -1).png" width="50%"&gt;&lt;br&gt;
            Classify the critical point at \(P = (2, -1)\) of the function \(f(x,y)\) whose 
            contour plot is shown above.</mattext>
          </material>
          <response_lid ident="response1" rcardinality="Single">
            <render_choice>
              <response_label ident="3813">
                <material>
                  <mattext texttype="text/plain">Local maximum</mattext>
                </material>
              </response_label>
              <response_label ident="3705">
                <material>
                  <mattext texttype="text/plain">Inflection point</mattext>
                </material>
              </response_label>
              <response_label ident="7220">
                <material>
                  <mattext texttype="text/plain">Saddle point</mattext>
                </material>
              </response_label>
              <response_label ident="1136">
                <material>
                  <mattext texttype="text/plain">Local minimum</mattext>
                </material>
              </response_label>
              <response_label ident="9989">
                <material>
                  <mattext texttype="text/plain">None of the others</mattext>
                </material>
              </response_label>
              </render_choice>
          </response_lid>
        </presentation>
        <resprocessing>
          <outcomes>
            <decvar maxvalue="100" minvalue="0" varname="SCORE" vartype="Decimal" />
          </outcomes>
          <respcondition continue="No">
            <conditionvar>
              <varequal respident="response1">7220</varequal>
            </conditionvar>
            <setvar action="Set" varname="SCORE">100</setvar>
          </respcondition>
        </resprocessing>
      </item>
      <item ident="g0228cee426b84cb080fa628ca4e4ab" title="Question 11">
        <itemmetadata>
          <qtimetadata>
            <qtimetadatafield>
              <fieldlabel>question_type</fieldlabel>
              <fieldentry>multiple_choice_question</fieldentry>
            </qtimetadatafield>
            <qtimetadatafield>
              <fieldlabel>points_possible</fieldlabel>
              <fieldentry>1</fieldentry>
            </qtimetadatafield>
            <qtimetadatafield>
              <fieldlabel>original_answer_ids</fieldlabel>
              <fieldentry>9695,6259,6620,2831,7455</fieldentry>
            </qtimetadatafield>
            <qtimetadatafield>
              <fieldlabel>assessment_question_identifierref</fieldlabel>
              <fieldentry>gteg6q2mvfyxcd1byljcuba2vuoz1yv</fieldentry>
            </qtimetadatafield>
          </qtimetadata>
        </itemmetadata>
        <presentation>
          <material>
            <mattext texttype="text/html">&lt;img src="$IMS-CC-FILEBASE$/Uploaded%20Media/ContourPlot(1, -1)_(2, -1).png" width="50%"&gt;&lt;br&gt;
            Classify the critical point at \(P = (2, -1)\) of the function \(f(x,y)\) whose 
            contour plot is shown above.</mattext>
          </material>
          <response_lid ident="response1" rcardinality="Single">
            <render_choice>
              <response_label ident="6259">
                <material>
                  <mattext texttype="text/plain">Local maximum</mattext>
                </material>
              </response_label>
              <response_label ident="2831">
                <material>
                  <mattext texttype="text/plain">Inflection point</mattext>
                </material>
              </response_label>
              <response_label ident="6620">
                <material>
                  <mattext texttype="text/plain">Local minimum</mattext>
                </material>
              </response_label>
              <response_label ident="9695">
                <material>
                  <mattext texttype="text/plain">Saddle point</mattext>
                </material>
              </response_label>
              <response_label ident="7455">
                <material>
                  <mattext texttype="text/plain">None of the others</mattext>
                </material>
              </response_label>
              </render_choice>
          </response_lid>
        </presentation>
        <resprocessing>
          <outcomes>
            <decvar maxvalue="100" minvalue="0" varname="SCORE" vartype="Decimal" />
          </outcomes>
          <respcondition continue="No">
            <conditionvar>
              <varequal respident="response1">9695</varequal>
            </conditionvar>
            <setvar action="Set" varname="SCORE">100</setvar>
          </respcondition>
        </resprocessing>
      </item>
      <item ident="g09d22b0fc45b6ce13f97e0a9690126" title="Question 12">
        <itemmetadata>
          <qtimetadata>
            <qtimetadatafield>
              <fieldlabel>question_type</fieldlabel>
              <fieldentry>multiple_choice_question</fieldentry>
            </qtimetadatafield>
            <qtimetadatafield>
              <fieldlabel>points_possible</fieldlabel>
              <fieldentry>1</fieldentry>
            </qtimetadatafield>
            <qtimetadatafield>
              <fieldlabel>original_answer_ids</fieldlabel>
              <fieldentry>3789,1898,4644,3706,8183</fieldentry>
            </qtimetadatafield>
            <qtimetadatafield>
              <fieldlabel>assessment_question_identifierref</fieldlabel>
              <fieldentry>gg98zluvmb15dei8yt9ixjs6908ae7m</fieldentry>
            </qtimetadatafield>
          </qtimetadata>
        </itemmetadata>
        <presentation>
          <material>
            <mattext texttype="text/html">&lt;img src="$IMS-CC-FILEBASE$/Uploaded%20Media/ContourPlot(1, 1)_(2, -1).png" width="50%"&gt;&lt;br&gt;
            Classify the critical point at \(P = (2, -1)\) of the function \(f(x,y)\) whose 
            contour plot is shown above.</mattext>
          </material>
          <response_lid ident="response1" rcardinality="Single">
            <render_choice>
              <response_label ident="1898">
                <material>
                  <mattext texttype="text/plain">Saddle point</mattext>
                </material>
              </response_label>
              <response_label ident="3789">
                <material>
                  <mattext texttype="text/plain">Local minimum</mattext>
                </material>
              </response_label>
              <response_label ident="4644">
                <material>
                  <mattext texttype="text/plain">Local maximum</mattext>
                </material>
              </response_label>
              <response_label ident="3706">
                <material>
                  <mattext texttype="text/plain">Inflection point</mattext>
                </material>
              </response_label>
              <response_label ident="8183">
                <material>
                  <mattext texttype="text/plain">None of the others</mattext>
                </material>
              </response_label>
              </render_choice>
          </response_lid>
        </presentation>
        <resprocessing>
          <outcomes>
            <decvar maxvalue="100" minvalue="0" varname="SCORE" vartype="Decimal" />
          </outcomes>
          <respcondition continue="No">
            <conditionvar>
              <varequal respident="response1">3789</varequal>
            </conditionvar>
            <setvar action="Set" varname="SCORE">100</setvar>
          </respcondition>
        </resprocessing>
      </item>
      <item ident="gaaaa9550e6d741007f2c08fb5593c1" title="Question 13">
        <itemmetadata>
          <qtimetadata>
            <qtimetadatafield>
              <fieldlabel>question_type</fieldlabel>
              <fieldentry>multiple_choice_question</fieldentry>
            </qtimetadatafield>
            <qtimetadatafield>
              <fieldlabel>points_possible</fieldlabel>
              <fieldentry>1</fieldentry>
            </qtimetadatafield>
            <qtimetadatafield>
              <fieldlabel>original_answer_ids</fieldlabel>
              <fieldentry>5379,2511,1323,3883,2105</fieldentry>
            </qtimetadatafield>
            <qtimetadatafield>
              <fieldlabel>assessment_question_identifierref</fieldlabel>
              <fieldentry>gdtbhsd62bc0ghfhzcdm53rci0gt65k</fieldentry>
            </qtimetadatafield>
          </qtimetadata>
        </itemmetadata>
        <presentation>
          <material>
            <mattext texttype="text/html">&lt;img src="$IMS-CC-FILEBASE$/Uploaded%20Media/ContourPlot(-1, -1)_(2, 2).png" width="50%"&gt;&lt;br&gt;
            Classify the critical point at \(P = (2, 2)\) of the function \(f(x,y)\) whose 
            contour plot is shown above.</mattext>
          </material>
          <response_lid ident="response1" rcardinality="Single">
            <render_choice>
              <response_label ident="2511">
                <material>
                  <mattext texttype="text/plain">Saddle point</mattext>
                </material>
              </response_label>
              <response_label ident="1323">
                <material>
                  <mattext texttype="text/plain">Local minimum</mattext>
                </material>
              </response_label>
              <response_label ident="3883">
                <material>
                  <mattext texttype="text/plain">Inflection point</mattext>
                </material>
              </response_label>
              <response_label ident="5379">
                <material>
                  <mattext texttype="text/plain">Local maximum</mattext>
                </material>
              </response_label>
              <response_label ident="2105">
                <material>
                  <mattext texttype="text/plain">None of the others</mattext>
                </material>
              </response_label>
              </render_choice>
          </response_lid>
        </presentation>
        <resprocessing>
          <outcomes>
            <decvar maxvalue="100" minvalue="0" varname="SCORE" vartype="Decimal" />
          </outcomes>
          <respcondition continue="No">
            <conditionvar>
              <varequal respident="response1">5379</varequal>
            </conditionvar>
            <setvar action="Set" varname="SCORE">100</setvar>
          </respcondition>
        </resprocessing>
      </item>
      <item ident="gcca8238b34ace3033f686b68c29c08" title="Question 14">
        <itemmetadata>
          <qtimetadata>
            <qtimetadatafield>
              <fieldlabel>question_type</fieldlabel>
              <fieldentry>multiple_choice_question</fieldentry>
            </qtimetadatafield>
            <qtimetadatafield>
              <fieldlabel>points_possible</fieldlabel>
              <fieldentry>1</fieldentry>
            </qtimetadatafield>
            <qtimetadatafield>
              <fieldlabel>original_answer_ids</fieldlabel>
              <fieldentry>6781,8255,9108,5390,2999</fieldentry>
            </qtimetadatafield>
            <qtimetadatafield>
              <fieldlabel>assessment_question_identifierref</fieldlabel>
              <fieldentry>gqrzanft8n2fujjlqv8zh64ecy756cb</fieldentry>
            </qtimetadatafield>
          </qtimetadata>
        </itemmetadata>
        <presentation>
          <material>
            <mattext texttype="text/html">&lt;img src="$IMS-CC-FILEBASE$/Uploaded%20Media/ContourPlot(-1, 1)_(2, 2).png" width="50%"&gt;&lt;br&gt;
            Classify the critical point at \(P = (2, 2)\) of the function \(f(x,y)\) whose 
            contour plot is shown above.</mattext>
          </material>
          <response_lid ident="response1" rcardinality="Single">
            <render_choice>
              <response_label ident="8255">
                <material>
                  <mattext texttype="text/plain">Local maximum</mattext>
                </material>
              </response_label>
              <response_label ident="9108">
                <material>
                  <mattext texttype="text/plain">Local minimum</mattext>
                </material>
              </response_label>
              <response_label ident="6781">
                <material>
                  <mattext texttype="text/plain">Saddle point</mattext>
                </material>
              </response_label>
              <response_label ident="5390">
                <material>
                  <mattext texttype="text/plain">Inflection point</mattext>
                </material>
              </response_label>
              <response_label ident="2999">
                <material>
                  <mattext texttype="text/plain">None of the others</mattext>
                </material>
              </response_label>
              </render_choice>
          </response_lid>
        </presentation>
        <resprocessing>
          <outcomes>
            <decvar maxvalue="100" minvalue="0" varname="SCORE" vartype="Decimal" />
          </outcomes>
          <respcondition continue="No">
            <conditionvar>
              <varequal respident="response1">6781</varequal>
            </conditionvar>
            <setvar action="Set" varname="SCORE">100</setvar>
          </respcondition>
        </resprocessing>
      </item>
      <item ident="g7d2af633ab2c07bd0512f9f1c5b5df" title="Question 15">
        <itemmetadata>
          <qtimetadata>
            <qtimetadatafield>
              <fieldlabel>question_type</fieldlabel>
              <fieldentry>multiple_choice_question</fieldentry>
            </qtimetadatafield>
            <qtimetadatafield>
              <fieldlabel>points_possible</fieldlabel>
              <fieldentry>1</fieldentry>
            </qtimetadatafield>
            <qtimetadatafield>
              <fieldlabel>original_answer_ids</fieldlabel>
              <fieldentry>4336,1833,5769,2832,5624</fieldentry>
            </qtimetadatafield>
            <qtimetadatafield>
              <fieldlabel>assessment_question_identifierref</fieldlabel>
              <fieldentry>g911meddv9rnupp4yr4w8dwgcq0uruh</fieldentry>
            </qtimetadatafield>
          </qtimetadata>
        </itemmetadata>
        <presentation>
          <material>
            <mattext texttype="text/html">&lt;img src="$IMS-CC-FILEBASE$/Uploaded%20Media/ContourPlot(1, -1)_(2, 2).png" width="50%"&gt;&lt;br&gt;
            Classify the critical point at \(P = (2, 2)\) of the function \(f(x,y)\) whose 
            contour plot is shown above.</mattext>
          </material>
          <response_lid ident="response1" rcardinality="Single">
            <render_choice>
              <response_label ident="1833">
                <material>
                  <mattext texttype="text/plain">Local maximum</mattext>
                </material>
              </response_label>
              <response_label ident="5769">
                <material>
                  <mattext texttype="text/plain">Local minimum</mattext>
                </material>
              </response_label>
              <response_label ident="2832">
                <material>
                  <mattext texttype="text/plain">Inflection point</mattext>
                </material>
              </response_label>
              <response_label ident="4336">
                <material>
                  <mattext texttype="text/plain">Saddle point</mattext>
                </material>
              </response_label>
              <response_label ident="5624">
                <material>
                  <mattext texttype="text/plain">None of the others</mattext>
                </material>
              </response_label>
              </render_choice>
          </response_lid>
        </presentation>
        <resprocessing>
          <outcomes>
            <decvar maxvalue="100" minvalue="0" varname="SCORE" vartype="Decimal" />
          </outcomes>
          <respcondition continue="No">
            <conditionvar>
              <varequal respident="response1">4336</varequal>
            </conditionvar>
            <setvar action="Set" varname="SCORE">100</setvar>
          </respcondition>
        </resprocessing>
      </item>
      <item ident="g778f62d144a8d7c9c8762ce51e385e" title="Question 16">
        <itemmetadata>
          <qtimetadata>
            <qtimetadatafield>
              <fieldlabel>question_type</fieldlabel>
              <fieldentry>multiple_choice_question</fieldentry>
            </qtimetadatafield>
            <qtimetadatafield>
              <fieldlabel>points_possible</fieldlabel>
              <fieldentry>1</fieldentry>
            </qtimetadatafield>
            <qtimetadatafield>
              <fieldlabel>original_answer_ids</fieldlabel>
              <fieldentry>3382,3937,7304,4930,4994</fieldentry>
            </qtimetadatafield>
            <qtimetadatafield>
              <fieldlabel>assessment_question_identifierref</fieldlabel>
              <fieldentry>gldytad0a2uhg1zw5xaqjj4atcs0qfe</fieldentry>
            </qtimetadatafield>
          </qtimetadata>
        </itemmetadata>
        <presentation>
          <material>
            <mattext texttype="text/html">&lt;img src="$IMS-CC-FILEBASE$/Uploaded%20Media/ContourPlot(1, 1)_(2, 2).png" width="50%"&gt;&lt;br&gt;
            Classify the critical point at \(P = (2, 2)\) of the function \(f(x,y)\) whose 
            contour plot is shown above.</mattext>
          </material>
          <response_lid ident="response1" rcardinality="Single">
            <render_choice>
              <response_label ident="3382">
                <material>
                  <mattext texttype="text/plain">Local minimum</mattext>
                </material>
              </response_label>
              <response_label ident="7304">
                <material>
                  <mattext texttype="text/plain">Local maximum</mattext>
                </material>
              </response_label>
              <response_label ident="4930">
                <material>
                  <mattext texttype="text/plain">Inflection point</mattext>
                </material>
              </response_label>
              <response_label ident="3937">
                <material>
                  <mattext texttype="text/plain">Saddle point</mattext>
                </material>
              </response_label>
              <response_label ident="4994">
                <material>
                  <mattext texttype="text/plain">None of the others</mattext>
                </material>
              </response_label>
              </render_choice>
          </response_lid>
        </presentation>
        <resprocessing>
          <outcomes>
            <decvar maxvalue="100" minvalue="0" varname="SCORE" vartype="Decimal" />
          </outcomes>
          <respcondition continue="No">
            <conditionvar>
              <varequal respident="response1">3382</varequal>
            </conditionvar>
            <setvar action="Set" varname="SCORE">100</setvar>
          </respcondition>
        </resprocessing>
      </item>
      </section>
  </assessment>
</questestinterop>